family,condition,episode,seed,difficulty,status,success,steps,retrieval_model,retrieval_selected_lesson_fraction,retrieval_selected_filler_fraction,retrieval_selected_query_fraction
InsertPeg,k0,0,630000,easy,fail,0,109,siglip-so400m/visual-episodic-absthr,0.96875,0.0,0.03125
InsertPeg,k0,1,630100,easy,ongoing,0,1300,siglip-so400m/visual-episodic-absthr,0.96875,0.0,0.03125
InsertPeg,k0,2,630200,medium,fail,0,97,siglip-so400m/visual-episodic-absthr,0.96875,0.0,0.03125
InsertPeg,k0,3,630300,hard,ongoing,0,1300,siglip-so400m/visual-episodic-absthr,0.96875,0.0,0.03125
InsertPeg,k0,4,630400,easy,success,1,259,siglip-so400m/visual-episodic-absthr,0.96875,0.0,0.03125
InsertPeg,k0,5,630500,easy,fail,0,113,siglip-so400m/visual-episodic-absthr,0.96875,0.0,0.03125
InsertPeg,k0,6,630600,medium,fail,0,105,siglip-so400m/visual-episodic-absthr,0.96875,0.0,0.03125
InsertPeg,k0,7,630700,hard,fail,0,95,siglip-so400m/visual-episodic-absthr,0.96875,0.0,0.03125
InsertPeg,k0,8,630801,easy,fail,0,187,siglip-so400m/visual-episodic-absthr,0.96875,0.0,0.03125
InsertPeg,k0,9,630901,easy,ongoing,0,1300,siglip-so400m/visual-episodic-absthr,0.96875,0.0,0.03125
InsertPeg,k0,10,631000,medium,fail,0,103,siglip-so400m/visual-episodic-absthr,0.96875,0.0,0.03125
InsertPeg,k0,11,631100,hard,fail,0,97,siglip-so400m/visual-episodic-absthr,0.96875,0.0,0.03125
InsertPeg,k0,12,631200,easy,success,1,207,siglip-so400m/visual-episodic-absthr,0.96875,0.0,0.03125
InsertPeg,k0,13,631300,easy,success,1,432,siglip-so400m/visual-episodic-absthr,0.96875,0.0,0.03125
InsertPeg,k0,14,631400,medium,fail,0,104,siglip-so400m/visual-episodic-absthr,0.96875,0.0,0.03125
InsertPeg,k0,15,631501,hard,ongoing,0,1300,siglip-so400m/visual-episodic-absthr,0.96875,0.0,0.03125
InsertPeg,k0,16,631600,easy,ongoing,0,1300,siglip-so400m/visual-episodic-absthr,0.96875,0.0,0.03125
InsertPeg,k0,17,631701,easy,fail,0,100,siglip-so400m/visual-episodic-absthr,0.96875,0.0,0.03125
InsertPeg,k0,18,631800,medium,fail,0,105,siglip-so400m/visual-episodic-absthr,0.96875,0.0,0.03125
InsertPeg,k0,19,631900,hard,fail,0,137,siglip-so400m/visual-episodic-absthr,0.96875,0.0,0.03125
InsertPeg,k0,20,632000,easy,fail,0,1285,siglip-so400m/visual-episodic-absthr,0.96875,0.0,0.03125
InsertPeg,k0,21,632101,easy,fail,0,88,siglip-so400m/visual-episodic-absthr,0.96875,0.0,0.03125
InsertPeg,k0,22,632200,medium,success,1,195,siglip-so400m/visual-episodic-absthr,0.96875,0.0,0.03125
InsertPeg,k0,23,632300,hard,ongoing,0,1300,siglip-so400m/visual-episodic-absthr,0.96875,0.0,0.03125
InsertPeg,k0,24,632400,easy,fail,0,92,siglip-so400m/visual-episodic-absthr,0.96875,0.0,0.03125
InsertPeg,k0,25,632500,easy,fail,0,105,siglip-so400m/visual-episodic-absthr,0.96875,0.0,0.03125
InsertPeg,k0,26,632600,medium,ongoing,0,1300,siglip-so400m/visual-episodic-absthr,0.96875,0.0,0.03125
InsertPeg,k0,27,632700,hard,ongoing,0,1300,siglip-so400m/visual-episodic-absthr,0.96875,0.0,0.03125
InsertPeg,k0,28,632800,easy,fail,0,93,siglip-so400m/visual-episodic-absthr,0.96875,0.0,0.03125
InsertPeg,k0,29,632901,easy,fail,0,94,siglip-so400m/visual-episodic-absthr,0.96875,0.0,0.03125
InsertPeg,k0,30,633000,medium,success,1,238,siglip-so400m/visual-episodic-absthr,0.96875,0.0,0.03125
InsertPeg,k0,31,633100,hard,ongoing,0,1300,siglip-so400m/visual-episodic-absthr,0.96875,0.0,0.03125
InsertPeg,k0,32,633200,easy,ongoing,0,1300,siglip-so400m/visual-episodic-absthr,0.96875,0.0,0.03125
InsertPeg,k0,33,633300,easy,fail,0,113,siglip-so400m/visual-episodic-absthr,0.96875,0.0,0.03125
InsertPeg,k0,34,633401,medium,fail,0,91,siglip-so400m/visual-episodic-absthr,0.96875,0.0,0.03125
InsertPeg,k0,35,633500,hard,fail,0,108,siglip-so400m/visual-episodic-absthr,0.96875,0.0,0.03125
InsertPeg,k0,36,633600,easy,fail,0,116,siglip-so400m/visual-episodic-absthr,0.96875,0.0,0.03125
InsertPeg,k0,37,633700,easy,ongoing,0,1300,siglip-so400m/visual-episodic-absthr,0.96875,0.0,0.03125
InsertPeg,k0,38,633801,medium,ongoing,0,1300,siglip-so400m/visual-episodic-absthr,0.96875,0.0,0.03125
InsertPeg,k0,39,633901,hard,ongoing,0,1300,siglip-so400m/visual-episodic-absthr,0.96875,0.0,0.03125
InsertPeg,k0,40,634000,easy,fail,0,98,siglip-so400m/visual-episodic-absthr,0.96875,0.0,0.03125
InsertPeg,k0,41,634100,easy,fail,0,108,siglip-so400m/visual-episodic-absthr,0.96875,0.0,0.03125
InsertPeg,k0,42,634201,medium,fail,0,92,siglip-so400m/visual-episodic-absthr,0.96875,0.0,0.03125
InsertPeg,k0,43,634300,hard,fail,0,114,siglip-so400m/visual-episodic-absthr,0.96875,0.0,0.03125
InsertPeg,k0,44,634400,easy,fail,0,106,siglip-so400m/visual-episodic-absthr,0.96875,0.0,0.03125
InsertPeg,k0,45,634500,easy,fail,0,110,siglip-so400m/visual-episodic-absthr,0.96875,0.0,0.03125
InsertPeg,k0,46,634601,medium,fail,0,104,siglip-so400m/visual-episodic-absthr,0.96875,0.0,0.03125
InsertPeg,k0,47,634700,hard,fail,0,343,siglip-so400m/visual-episodic-absthr,0.96875,0.0,0.03125
InsertPeg,k0,48,634800,easy,ongoing,0,1300,siglip-so400m/visual-episodic-absthr,0.96875,0.0,0.03125
InsertPeg,k0,49,634900,easy,ongoing,0,1300,siglip-so400m/visual-episodic-absthr,0.96875,0.0,0.03125
InsertPeg,k1,0,630000,easy,fail,0,108,siglip-so400m/visual-episodic-absthr,0.96875,0.0,0.03125
InsertPeg,k1,1,630100,easy,success,1,216,siglip-so400m/visual-episodic-absthr,0.96875,0.0,0.03125
InsertPeg,k1,2,630200,medium,fail,0,96,siglip-so400m/visual-episodic-absthr,0.96875,0.0,0.03125
InsertPeg,k1,3,630300,hard,ongoing,0,1300,siglip-so400m/visual-episodic-absthr,0.96875,0.0,0.03125
InsertPeg,k1,4,630400,easy,success,1,256,siglip-so400m/visual-episodic-absthr,0.96875,0.0,0.03125
InsertPeg,k1,5,630500,easy,fail,0,112,siglip-so400m/visual-episodic-absthr,0.96875,0.0,0.03125
InsertPeg,k1,6,630600,medium,ongoing,0,1300,siglip-so400m/visual-episodic-absthr,0.96875,0.0,0.03125
InsertPeg,k1,7,630700,hard,fail,0,95,siglip-so400m/visual-episodic-absthr,0.96875,0.0,0.03125
InsertPeg,k1,8,630801,easy,fail,0,109,siglip-so400m/visual-episodic-absthr,0.96875,0.0,0.03125
InsertPeg,k1,9,630901,easy,fail,0,215,siglip-so400m/visual-episodic-absthr,0.96875,0.0,0.03125
InsertPeg,k1,10,631000,medium,fail,0,358,siglip-so400m/visual-episodic-absthr,0.96875,0.0,0.03125
InsertPeg,k1,11,631100,hard,fail,0,106,siglip-so400m/visual-episodic-absthr,0.96875,0.0,0.03125
InsertPeg,k1,12,631200,easy,ongoing,0,1300,siglip-so400m/visual-episodic-absthr,0.96875,0.0,0.03125
InsertPeg,k1,13,631300,easy,ongoing,0,1300,siglip-so400m/visual-episodic-absthr,0.96875,0.0,0.03125
InsertPeg,k1,14,631400,medium,fail,0,105,siglip-so400m/visual-episodic-absthr,0.96875,0.0,0.03125
InsertPeg,k1,15,631501,hard,ongoing,0,1300,siglip-so400m/visual-episodic-absthr,0.96875,0.0,0.03125
InsertPeg,k1,16,631600,easy,ongoing,0,1300,siglip-so400m/visual-episodic-absthr,0.96875,0.0,0.03125
InsertPeg,k1,17,631701,easy,fail,0,101,siglip-so400m/visual-episodic-absthr,0.96875,0.0,0.03125
InsertPeg,k1,18,631800,medium,fail,0,106,siglip-so400m/visual-episodic-absthr,0.96875,0.0,0.03125
InsertPeg,k1,19,631900,hard,ongoing,0,1300,siglip-so400m/visual-episodic-absthr,0.96875,0.0,0.03125
InsertPeg,k1,20,632000,easy,fail,0,1285,siglip-so400m/visual-episodic-absthr,0.96875,0.0,0.03125
InsertPeg,k1,21,632101,easy,fail,0,88,siglip-so400m/visual-episodic-absthr,0.96875,0.0,0.03125
InsertPeg,k1,22,632200,medium,success,1,195,siglip-so400m/visual-episodic-absthr,0.96875,0.0,0.03125
InsertPeg,k1,23,632300,hard,ongoing,0,1300,siglip-so400m/visual-episodic-absthr,0.96875,0.0,0.03125
InsertPeg,k1,24,632400,easy,fail,0,102,siglip-so400m/visual-episodic-absthr,0.96875,0.0,0.03125
InsertPeg,k1,25,632500,easy,fail,0,268,siglip-so400m/visual-episodic-absthr,0.96875,0.0,0.03125
InsertPeg,k1,26,632600,medium,ongoing,0,1300,siglip-so400m/visual-episodic-absthr,0.96875,0.0,0.03125
InsertPeg,k1,27,632700,hard,ongoing,0,1300,siglip-so400m/visual-episodic-absthr,0.96875,0.0,0.03125
InsertPeg,k1,28,632800,easy,fail,0,87,siglip-so400m/visual-episodic-absthr,0.96875,0.0,0.03125
InsertPeg,k1,29,632901,easy,fail,0,94,siglip-so400m/visual-episodic-absthr,0.96875,0.0,0.03125
InsertPeg,k1,30,633000,medium,success,1,238,siglip-so400m/visual-episodic-absthr,0.96875,0.0,0.03125
InsertPeg,k1,31,633100,hard,ongoing,0,1300,siglip-so400m/visual-episodic-absthr,0.96875,0.0,0.03125
InsertPeg,k1,32,633200,easy,ongoing,0,1300,siglip-so400m/visual-episodic-absthr,0.96875,0.0,0.03125
InsertPeg,k1,33,633300,easy,fail,0,113,siglip-so400m/visual-episodic-absthr,0.96875,0.0,0.03125
InsertPeg,k1,34,633401,medium,fail,0,91,siglip-so400m/visual-episodic-absthr,0.96875,0.0,0.03125
InsertPeg,k1,35,633500,hard,fail,0,108,siglip-so400m/visual-episodic-absthr,0.96875,0.0,0.03125
InsertPeg,k1,36,633600,easy,fail,0,113,siglip-so400m/visual-episodic-absthr,0.96875,0.0,0.03125
InsertPeg,k1,37,633700,easy,ongoing,0,1300,siglip-so400m/visual-episodic-absthr,0.96875,0.0,0.03125
InsertPeg,k1,38,633801,medium,ongoing,0,1300,siglip-so400m/visual-episodic-absthr,0.96875,0.0,0.03125
InsertPeg,k1,39,633901,hard,fail,0,91,siglip-so400m/visual-episodic-absthr,0.96875,0.0,0.03125
InsertPeg,k1,40,634000,easy,fail,0,207,siglip-so400m/visual-episodic-absthr,0.96875,0.0,0.03125
InsertPeg,k1,41,634100,easy,fail,0,108,siglip-so400m/visual-episodic-absthr,0.96875,0.0,0.03125
InsertPeg,k1,42,634201,medium,fail,0,91,siglip-so400m/visual-episodic-absthr,0.96875,0.0,0.03125
InsertPeg,k1,43,634300,hard,fail,0,114,siglip-so400m/visual-episodic-absthr,0.96875,0.0,0.03125
InsertPeg,k1,44,634400,easy,fail,0,130,siglip-so400m/visual-episodic-absthr,0.96875,0.0,0.03125
InsertPeg,k1,45,634500,easy,fail,0,108,siglip-so400m/visual-episodic-absthr,0.96875,0.0,0.03125
InsertPeg,k1,46,634601,medium,fail,0,104,siglip-so400m/visual-episodic-absthr,0.96875,0.0,0.03125
InsertPeg,k1,47,634700,hard,fail,0,108,siglip-so400m/visual-episodic-absthr,0.96875,0.0,0.03125
InsertPeg,k1,48,634800,easy,ongoing,0,1300,siglip-so400m/visual-episodic-absthr,0.96875,0.0,0.03125
InsertPeg,k1,49,634900,easy,ongoing,0,1300,siglip-so400m/visual-episodic-absthr,0.96875,0.0,0.03125
InsertPeg,k3,0,630000,easy,fail,0,107,siglip-so400m/visual-episodic-absthr,0.96875,0.0,0.03125
InsertPeg,k3,1,630100,easy,success,1,216,siglip-so400m/visual-episodic-absthr,0.96875,0.0,0.03125
InsertPeg,k3,2,630200,medium,fail,0,97,siglip-so400m/visual-episodic-absthr,0.96875,0.0,0.03125
InsertPeg,k3,3,630300,hard,ongoing,0,1300,siglip-so400m/visual-episodic-absthr,0.96875,0.0,0.03125
InsertPeg,k3,4,630400,easy,success,1,258,siglip-so400m/visual-episodic-absthr,0.96875,0.0,0.03125
InsertPeg,k3,5,630500,easy,fail,0,109,siglip-so400m/visual-episodic-absthr,0.96875,0.0,0.03125
InsertPeg,k3,6,630600,medium,fail,0,105,siglip-so400m/visual-episodic-absthr,0.96875,0.0,0.03125
InsertPeg,k3,7,630700,hard,fail,0,96,siglip-so400m/visual-episodic-absthr,0.96875,0.0,0.03125
InsertPeg,k3,8,630801,easy,fail,0,109,siglip-so400m/visual-episodic-absthr,0.96875,0.0,0.03125
InsertPeg,k3,9,630901,easy,ongoing,0,1300,siglip-so400m/visual-episodic-absthr,0.96875,0.0,0.03125
InsertPeg,k3,10,631000,medium,fail,0,105,siglip-so400m/visual-episodic-absthr,0.96875,0.0,0.03125
InsertPeg,k3,11,631100,hard,fail,0,97,siglip-so400m/visual-episodic-absthr,0.96875,0.0,0.03125
InsertPeg,k3,12,631200,easy,fail,0,107,siglip-so400m/visual-episodic-absthr,0.96875,0.0,0.03125
InsertPeg,k3,13,631300,easy,ongoing,0,1300,siglip-so400m/visual-episodic-absthr,0.96875,0.0,0.03125
InsertPeg,k3,14,631400,medium,fail,0,104,siglip-so400m/visual-episodic-absthr,0.96875,0.0,0.03125
InsertPeg,k3,15,631501,hard,ongoing,0,1300,siglip-so400m/visual-episodic-absthr,0.96875,0.0,0.03125
InsertPeg,k3,16,631600,easy,ongoing,0,1300,siglip-so400m/visual-episodic-absthr,0.96875,0.0,0.03125
InsertPeg,k3,17,631701,easy,fail,0,101,siglip-so400m/visual-episodic-absthr,0.96875,0.0,0.03125
InsertPeg,k3,18,631800,medium,fail,0,105,siglip-so400m/visual-episodic-absthr,0.96875,0.0,0.03125
InsertPeg,k3,19,631900,hard,ongoing,0,1300,siglip-so400m/visual-episodic-absthr,0.96875,0.0,0.03125
InsertPeg,k3,20,632000,easy,fail,0,439,siglip-so400m/visual-episodic-absthr,0.96875,0.0,0.03125
InsertPeg,k3,21,632101,easy,fail,0,88,siglip-so400m/visual-episodic-absthr,0.96875,0.0,0.03125
InsertPeg,k3,22,632200,medium,success,1,200,siglip-so400m/visual-episodic-absthr,0.96875,0.0,0.03125
InsertPeg,k3,23,632300,hard,success,1,244,siglip-so400m/visual-episodic-absthr,0.96875,0.0,0.03125
InsertPeg,k3,24,632400,easy,fail,0,88,siglip-so400m/visual-episodic-absthr,0.875,0.09375,0.03125
InsertPeg,k3,25,632500,easy,fail,0,105,siglip-so400m/visual-episodic-absthr,0.96875,0.0,0.03125
InsertPeg,k3,26,632600,medium,ongoing,0,1300,siglip-so400m/visual-episodic-absthr,0.96875,0.0,0.03125
InsertPeg,k3,27,632700,hard,ongoing,0,1300,siglip-so400m/visual-episodic-absthr,0.96875,0.0,0.03125
InsertPeg,k3,28,632800,easy,fail,0,91,siglip-so400m/visual-episodic-absthr,0.96875,0.0,0.03125
InsertPeg,k3,29,632901,easy,fail,0,94,siglip-so400m/visual-episodic-absthr,0.96875,0.0,0.03125
InsertPeg,k3,30,633000,medium,fail,0,140,siglip-so400m/visual-episodic-absthr,0.96875,0.0,0.03125
InsertPeg,k3,31,633100,hard,ongoing,0,1300,siglip-so400m/visual-episodic-absthr,0.96875,0.0,0.03125
InsertPeg,k3,32,633200,easy,ongoing,0,1300,siglip-so400m/visual-episodic-absthr,0.96875,0.0,0.03125
InsertPeg,k3,33,633300,easy,fail,0,121,siglip-so400m/visual-episodic-absthr,0.96875,0.0,0.03125
InsertPeg,k3,34,633401,medium,fail,0,90,siglip-so400m/visual-episodic-absthr,0.96875,0.0,0.03125
InsertPeg,k3,35,633500,hard,fail,0,165,siglip-so400m/visual-episodic-absthr,0.96875,0.0,0.03125
InsertPeg,k3,36,633600,easy,fail,0,112,siglip-so400m/visual-episodic-absthr,0.96875,0.0,0.03125
InsertPeg,k3,37,633700,easy,ongoing,0,1300,siglip-so400m/visual-episodic-absthr,0.96875,0.0,0.03125
InsertPeg,k3,38,633801,medium,ongoing,0,1300,siglip-so400m/visual-episodic-absthr,0.96875,0.0,0.03125
InsertPeg,k3,39,633901,hard,ongoing,0,1300,siglip-so400m/visual-episodic-absthr,0.96875,0.0,0.03125
InsertPeg,k3,40,634000,easy,fail,0,97,siglip-so400m/visual-episodic-absthr,0.96875,0.0,0.03125
InsertPeg,k3,41,634100,easy,fail,0,108,siglip-so400m/visual-episodic-absthr,0.96875,0.0,0.03125
InsertPeg,k3,42,634201,medium,fail,0,91,siglip-so400m/visual-episodic-absthr,0.96875,0.0,0.03125
InsertPeg,k3,43,634300,hard,fail,0,114,siglip-so400m/visual-episodic-absthr,0.96875,0.0,0.03125
InsertPeg,k3,44,634400,easy,fail,0,107,siglip-so400m/visual-episodic-absthr,0.96875,0.0,0.03125
InsertPeg,k3,45,634500,easy,fail,0,108,siglip-so400m/visual-episodic-absthr,0.96875,0.0,0.03125
InsertPeg,k3,46,634601,medium,fail,0,106,siglip-so400m/visual-episodic-absthr,0.96875,0.0,0.03125
InsertPeg,k3,47,634700,hard,fail,0,108,siglip-so400m/visual-episodic-absthr,0.96875,0.0,0.03125
InsertPeg,k3,48,634800,easy,ongoing,0,1300,siglip-so400m/visual-episodic-absthr,0.96875,0.0,0.03125
InsertPeg,k3,49,634900,easy,ongoing,0,1300,siglip-so400m/visual-episodic-absthr,0.96875,0.0,0.03125
InsertPeg,k7,0,630000,easy,fail,0,106,siglip-so400m/visual-episodic-absthr,0.96875,0.0,0.03125
InsertPeg,k7,1,630100,easy,ongoing,0,1300,siglip-so400m/visual-episodic-absthr,0.96875,0.0,0.03125
InsertPeg,k7,2,630200,medium,fail,0,99,siglip-so400m/visual-episodic-absthr,0.96875,0.0,0.03125
InsertPeg,k7,3,630300,hard,ongoing,0,1300,siglip-so400m/visual-episodic-absthr,0.96875,0.0,0.03125
InsertPeg,k7,4,630400,easy,success,1,259,siglip-so400m/visual-episodic-absthr,0.96875,0.0,0.03125
InsertPeg,k7,5,630500,easy,fail,0,112,siglip-so400m/visual-episodic-absthr,0.96875,0.0,0.03125
InsertPeg,k7,6,630600,medium,fail,0,105,siglip-so400m/visual-episodic-absthr,0.96875,0.0,0.03125
InsertPeg,k7,7,630700,hard,fail,0,96,siglip-so400m/visual-episodic-absthr,0.96875,0.0,0.03125
InsertPeg,k7,8,630801,easy,fail,0,109,siglip-so400m/visual-episodic-absthr,0.96875,0.0,0.03125
InsertPeg,k7,9,630901,easy,ongoing,0,1300,siglip-so400m/visual-episodic-absthr,0.96875,0.0,0.03125
InsertPeg,k7,10,631000,medium,fail,0,104,siglip-so400m/visual-episodic-absthr,0.96875,0.0,0.03125
InsertPeg,k7,11,631100,hard,fail,0,264,siglip-so400m/visual-episodic-absthr,0.96875,0.0,0.03125
InsertPeg,k7,12,631200,easy,fail,0,107,siglip-so400m/visual-episodic-absthr,0.96875,0.0,0.03125
InsertPeg,k7,13,631300,easy,success,1,432,siglip-so400m/visual-episodic-absthr,0.96875,0.0,0.03125
InsertPeg,k7,14,631400,medium,fail,0,104,siglip-so400m/visual-episodic-absthr,0.96875,0.0,0.03125
InsertPeg,k7,15,631501,hard,ongoing,0,1300,siglip-so400m/visual-episodic-absthr,0.96875,0.0,0.03125
InsertPeg,k7,16,631600,easy,ongoing,0,1300,siglip-so400m/visual-episodic-absthr,0.96875,0.0,0.03125
InsertPeg,k7,17,631701,easy,fail,0,101,siglip-so400m/visual-episodic-absthr,0.96875,0.0,0.03125
InsertPeg,k7,18,631800,medium,fail,0,105,siglip-so400m/visual-episodic-absthr,0.96875,0.0,0.03125
InsertPeg,k7,19,631900,hard,ongoing,0,1300,siglip-so400m/visual-episodic-absthr,0.96875,0.0,0.03125
InsertPeg,k7,20,632000,easy,fail,0,1285,siglip-so400m/visual-episodic-absthr,0.96875,0.0,0.03125
InsertPeg,k7,21,632101,easy,fail,0,88,siglip-so400m/visual-episodic-absthr,0.96875,0.0,0.03125
InsertPeg,k7,22,632200,medium,success,1,195,siglip-so400m/visual-episodic-absthr,0.96875,0.0,0.03125
InsertPeg,k7,23,632300,hard,ongoing,0,1300,siglip-so400m/visual-episodic-absthr,0.96875,0.0,0.03125
InsertPeg,k7,24,632400,easy,fail,0,92,siglip-so400m/visual-episodic-absthr,0.96875,0.0,0.03125
InsertPeg,k7,25,632500,easy,fail,0,105,siglip-so400m/visual-episodic-absthr,0.96875,0.0,0.03125
InsertPeg,k7,26,632600,medium,ongoing,0,1300,siglip-so400m/visual-episodic-absthr,0.96875,0.0,0.03125
InsertPeg,k7,27,632700,hard,ongoing,0,1300,siglip-so400m/visual-episodic-absthr,0.96875,0.0,0.03125
InsertPeg,k7,28,632800,easy,fail,0,87,siglip-so400m/visual-episodic-absthr,0.96875,0.0,0.03125
InsertPeg,k7,29,632901,easy,fail,0,94,siglip-so400m/visual-episodic-absthr,0.96875,0.0,0.03125
InsertPeg,k7,30,633000,medium,ongoing,0,1300,siglip-so400m/visual-episodic-absthr,0.96875,0.0,0.03125
InsertPeg,k7,31,633100,hard,ongoing,0,1300,siglip-so400m/visual-episodic-absthr,0.96875,0.0,0.03125
InsertPeg,k7,32,633200,easy,ongoing,0,1300,siglip-so400m/visual-episodic-absthr,0.96875,0.0,0.03125
InsertPeg,k7,33,633300,easy,fail,0,121,siglip-so400m/visual-episodic-absthr,0.96875,0.0,0.03125
InsertPeg,k7,34,633401,medium,fail,0,91,siglip-so400m/visual-episodic-absthr,0.96875,0.0,0.03125
InsertPeg,k7,35,633500,hard,fail,0,109,siglip-so400m/visual-episodic-absthr,0.96875,0.0,0.03125
InsertPeg,k7,36,633600,easy,ongoing,0,1300,siglip-so400m/visual-episodic-absthr,0.96875,0.0,0.03125
InsertPeg,k7,37,633700,easy,ongoing,0,1300,siglip-so400m/visual-episodic-absthr,0.96875,0.0,0.03125
InsertPeg,k7,38,633801,medium,ongoing,0,1300,siglip-so400m/visual-episodic-absthr,0.96875,0.0,0.03125
InsertPeg,k7,39,633901,hard,fail,0,119,siglip-so400m/visual-episodic-absthr,0.96875,0.0,0.03125
InsertPeg,k7,40,634000,easy,fail,0,97,siglip-so400m/visual-episodic-absthr,0.96875,0.0,0.03125
InsertPeg,k7,41,634100,easy,fail,0,108,siglip-so400m/visual-episodic-absthr,0.96875,0.0,0.03125
InsertPeg,k7,42,634201,medium,fail,0,91,siglip-so400m/visual-episodic-absthr,0.96875,0.0,0.03125
InsertPeg,k7,43,634300,hard,fail,0,114,siglip-so400m/visual-episodic-absthr,0.96875,0.0,0.03125
InsertPeg,k7,44,634400,easy,fail,0,138,siglip-so400m/visual-episodic-absthr,0.96875,0.0,0.03125
InsertPeg,k7,45,634500,easy,fail,0,168,siglip-so400m/visual-episodic-absthr,0.96875,0.0,0.03125
InsertPeg,k7,46,634601,medium,fail,0,104,siglip-so400m/visual-episodic-absthr,0.96875,0.0,0.03125
InsertPeg,k7,47,634700,hard,fail,0,107,siglip-so400m/visual-episodic-absthr,0.96875,0.0,0.03125
InsertPeg,k7,48,634800,easy,ongoing,0,1300,siglip-so400m/visual-episodic-absthr,0.96875,0.0,0.03125
InsertPeg,k7,49,634900,easy,ongoing,0,1300,siglip-so400m/visual-episodic-absthr,0.96875,0.0,0.03125
MoveCube,k0,0,640000,easy,success,1,166,siglip-so400m/visual-episodic-absthr,0.96875,0.0,0.03125
MoveCube,k0,1,640101,easy,success,1,222,siglip-so400m/visual-episodic-absthr,0.96875,0.0,0.03125
MoveCube,k0,2,640200,medium,success,1,162,siglip-so400m/visual-episodic-absthr,0.96875,0.0,0.03125
MoveCube,k0,3,640300,hard,success,1,205,siglip-so400m/visual-episodic-absthr,0.96875,0.0,0.03125
MoveCube,k0,4,640400,easy,success,1,266,siglip-so400m/visual-episodic-absthr,0.96875,0.0,0.03125
MoveCube,k0,5,640500,easy,success,1,234,siglip-so400m/visual-episodic-absthr,0.96875,0.0,0.03125
MoveCube,k0,6,640600,medium,success,1,175,siglip-so400m/visual-episodic-absthr,0.96875,0.0,0.03125
MoveCube,k0,7,640700,hard,success,1,103,siglip-so400m/visual-episodic-absthr,0.96875,0.0,0.03125
MoveCube,k0,8,640800,easy,success,1,216,siglip-so400m/visual-episodic-absthr,0.96875,0.0,0.03125
MoveCube,k0,9,640900,easy,success,1,162,siglip-so400m/visual-episodic-absthr,0.96875,0.0,0.03125
MoveCube,k0,10,641000,medium,success,1,235,siglip-so400m/visual-episodic-absthr,0.96875,0.0,0.03125
MoveCube,k0,11,641100,hard,success,1,196,siglip-so400m/visual-episodic-absthr,0.96875,0.0,0.03125
MoveCube,k0,12,641200,easy,success,1,406,siglip-so400m/visual-episodic-absthr,0.96875,0.0,0.03125
MoveCube,k0,13,641300,easy,success,1,93,siglip-so400m/visual-episodic-absthr,0.96875,0.0,0.03125
MoveCube,k0,14,641400,medium,fail,0,87,siglip-so400m/visual-episodic-absthr,0.96875,0.0,0.03125
MoveCube,k0,15,641500,hard,success,1,221,siglip-so400m/visual-episodic-absthr,0.96875,0.0,0.03125
MoveCube,k0,16,641600,easy,success,1,105,siglip-so400m/visual-episodic-absthr,0.96875,0.0,0.03125
MoveCube,k0,17,641700,easy,success,1,290,siglip-so400m/visual-episodic-absthr,0.96875,0.0,0.03125
MoveCube,k0,18,641800,medium,success,1,178,siglip-so400m/visual-episodic-absthr,0.96875,0.0,0.03125
MoveCube,k0,19,641900,hard,success,1,172,siglip-so400m/visual-episodic-absthr,0.96875,0.0,0.03125
MoveCube,k0,20,642000,easy,fail,0,75,siglip-so400m/visual-episodic-absthr,0.96875,0.0,0.03125
MoveCube,k0,21,642100,easy,fail,0,89,siglip-so400m/visual-episodic-absthr,0.96875,0.0,0.03125
MoveCube,k0,22,642200,medium,fail,0,807,siglip-so400m/visual-episodic-absthr,0.96875,0.0,0.03125
MoveCube,k0,23,642300,hard,fail,0,985,siglip-so400m/visual-episodic-absthr,0.96875,0.0,0.03125
MoveCube,k0,24,642400,easy,fail,0,276,siglip-so400m/visual-episodic-absthr,0.96875,0.0,0.03125
MoveCube,k0,25,642500,easy,success,1,454,siglip-so400m/visual-episodic-absthr,0.96875,0.0,0.03125
MoveCube,k0,26,642600,medium,success,1,85,siglip-so400m/visual-episodic-absthr,0.96875,0.0,0.03125
MoveCube,k0,27,642700,hard,success,1,160,siglip-so400m/visual-episodic-absthr,0.96875,0.0,0.03125
MoveCube,k0,28,642800,easy,success,1,178,siglip-so400m/visual-episodic-absthr,0.96875,0.0,0.03125
MoveCube,k0,29,642900,easy,success,1,91,siglip-so400m/visual-episodic-absthr,0.96875,0.0,0.03125
MoveCube,k0,30,643000,medium,success,1,170,siglip-so400m/visual-episodic-absthr,0.96875,0.0,0.03125
MoveCube,k0,31,643101,hard,success,1,255,siglip-so400m/visual-episodic-absthr,0.96875,0.0,0.03125
MoveCube,k0,32,643200,easy,success,1,507,siglip-so400m/visual-episodic-absthr,0.96875,0.0,0.03125
MoveCube,k0,33,643300,easy,success,1,246,siglip-so400m/visual-episodic-absthr,0.96875,0.0,0.03125
MoveCube,k0,34,643400,medium,success,1,175,siglip-so400m/visual-episodic-absthr,0.96875,0.0,0.03125
MoveCube,k0,35,643500,hard,success,1,155,siglip-so400m/visual-episodic-absthr,0.96875,0.0,0.03125
MoveCube,k0,36,643600,easy,success,1,170,siglip-so400m/visual-episodic-absthr,0.96875,0.0,0.03125
MoveCube,k0,37,643700,easy,success,1,111,siglip-so400m/visual-episodic-absthr,0.96875,0.0,0.03125
MoveCube,k0,38,643800,medium,success,1,93,siglip-so400m/visual-episodic-absthr,0.96875,0.0,0.03125
MoveCube,k0,39,643900,hard,ongoing,0,1300,siglip-so400m/visual-episodic-absthr,0.96875,0.0,0.03125
MoveCube,k0,40,644000,easy,success,1,166,siglip-so400m/visual-episodic-absthr,0.96875,0.0,0.03125
MoveCube,k0,41,644100,easy,success,1,105,siglip-so400m/visual-episodic-absthr,0.96875,0.0,0.03125
MoveCube,k0,42,644200,medium,success,1,162,siglip-so400m/visual-episodic-absthr,0.96875,0.0,0.03125
MoveCube,k0,43,644300,hard,success,1,173,siglip-so400m/visual-episodic-absthr,0.96875,0.0,0.03125
MoveCube,k0,44,644400,easy,success,1,171,siglip-so400m/visual-episodic-absthr,0.96875,0.0,0.03125
MoveCube,k0,45,644500,easy,success,1,178,siglip-so400m/visual-episodic-absthr,0.96875,0.0,0.03125
MoveCube,k0,46,644600,medium,success,1,105,siglip-so400m/visual-episodic-absthr,0.96875,0.0,0.03125
MoveCube,k0,47,644700,hard,success,1,213,siglip-so400m/visual-episodic-absthr,0.96875,0.0,0.03125
MoveCube,k0,48,644801,easy,success,1,176,siglip-so400m/visual-episodic-absthr,0.96875,0.0,0.03125
MoveCube,k0,49,644900,easy,success,1,105,siglip-so400m/visual-episodic-absthr,0.96875,0.0,0.03125
MoveCube,k1,0,640000,easy,success,1,166,siglip-so400m/visual-episodic-absthr,0.96875,0.0,0.03125
MoveCube,k1,1,640101,easy,success,1,221,siglip-so400m/visual-episodic-absthr,0.96875,0.0,0.03125
MoveCube,k1,2,640200,medium,success,1,162,siglip-so400m/visual-episodic-absthr,0.96875,0.0,0.03125
MoveCube,k1,3,640300,hard,success,1,205,siglip-so400m/visual-episodic-absthr,0.96875,0.0,0.03125
MoveCube,k1,4,640400,easy,success,1,261,siglip-so400m/visual-episodic-absthr,0.96875,0.0,0.03125
MoveCube,k1,5,640500,easy,success,1,234,siglip-so400m/visual-episodic-absthr,0.96875,0.0,0.03125
MoveCube,k1,6,640600,medium,success,1,175,siglip-so400m/visual-episodic-absthr,0.96875,0.0,0.03125
MoveCube,k1,7,640700,hard,success,1,105,siglip-so400m/visual-episodic-absthr,0.96875,0.0,0.03125
MoveCube,k1,8,640800,easy,success,1,216,siglip-so400m/visual-episodic-absthr,0.96875,0.0,0.03125
MoveCube,k1,9,640900,easy,success,1,162,siglip-so400m/visual-episodic-absthr,0.96875,0.0,0.03125
MoveCube,k1,10,641000,medium,success,1,178,siglip-so400m/visual-episodic-absthr,0.96875,0.0,0.03125
MoveCube,k1,11,641100,hard,success,1,198,siglip-so400m/visual-episodic-absthr,0.96875,0.0,0.03125
MoveCube,k1,12,641200,easy,success,1,437,siglip-so400m/visual-episodic-absthr,0.96875,0.0,0.03125
MoveCube,k1,13,641300,easy,success,1,93,siglip-so400m/visual-episodic-absthr,0.96875,0.0,0.03125
MoveCube,k1,14,641400,medium,fail,0,102,siglip-so400m/visual-episodic-absthr,0.96875,0.0,0.03125
MoveCube,k1,15,641500,hard,success,1,221,siglip-so400m/visual-episodic-absthr,0.96875,0.0,0.03125
MoveCube,k1,16,641600,easy,success,1,105,siglip-so400m/visual-episodic-absthr,0.96875,0.0,0.03125
MoveCube,k1,17,641700,easy,fail,0,252,siglip-so400m/visual-episodic-absthr,0.96875,0.0,0.03125
MoveCube,k1,18,641800,medium,success,1,178,siglip-so400m/visual-episodic-absthr,0.96875,0.0,0.03125
MoveCube,k1,19,641900,hard,success,1,174,siglip-so400m/visual-episodic-absthr,0.96875,0.0,0.03125
MoveCube,k1,20,642000,easy,fail,0,74,siglip-so400m/visual-episodic-absthr,0.96875,0.0,0.03125
MoveCube,k1,21,642100,easy,fail,0,89,siglip-so400m/visual-episodic-absthr,0.96875,0.0,0.03125
MoveCube,k1,22,642200,medium,fail,0,251,siglip-so400m/visual-episodic-absthr,0.96875,0.0,0.03125
MoveCube,k1,23,642300,hard,fail,0,406,siglip-so400m/visual-episodic-absthr,0.96875,0.0,0.03125
MoveCube,k1,24,642400,easy,fail,0,436,siglip-so400m/visual-episodic-absthr,0.96875,0.0,0.03125
MoveCube,k1,25,642500,easy,success,1,454,siglip-so400m/visual-episodic-absthr,0.96875,0.0,0.03125
MoveCube,k1,26,642600,medium,success,1,85,siglip-so400m/visual-episodic-absthr,0.96875,0.0,0.03125
MoveCube,k1,27,642700,hard,success,1,160,siglip-so400m/visual-episodic-absthr,0.96875,0.0,0.03125
MoveCube,k1,28,642800,easy,success,1,178,siglip-so400m/visual-episodic-absthr,0.96875,0.0,0.03125
MoveCube,k1,29,642900,easy,success,1,91,siglip-so400m/visual-episodic-absthr,0.96875,0.0,0.03125
MoveCube,k1,30,643000,medium,success,1,173,siglip-so400m/visual-episodic-absthr,0.96875,0.0,0.03125
MoveCube,k1,31,643101,hard,success,1,255,siglip-so400m/visual-episodic-absthr,0.96875,0.0,0.03125
MoveCube,k1,32,643200,easy,success,1,251,siglip-so400m/visual-episodic-absthr,0.96875,0.0,0.03125
MoveCube,k1,33,643300,easy,success,1,246,siglip-so400m/visual-episodic-absthr,0.96875,0.0,0.03125
MoveCube,k1,34,643400,medium,success,1,175,siglip-so400m/visual-episodic-absthr,0.96875,0.0,0.03125
MoveCube,k1,35,643500,hard,success,1,151,siglip-so400m/visual-episodic-absthr,0.96875,0.0,0.03125
MoveCube,k1,36,643600,easy,success,1,171,siglip-so400m/visual-episodic-absthr,0.96875,0.0,0.03125
MoveCube,k1,37,643700,easy,success,1,111,siglip-so400m/visual-episodic-absthr,0.96875,0.0,0.03125
MoveCube,k1,38,643800,medium,success,1,93,siglip-so400m/visual-episodic-absthr,0.96875,0.0,0.03125
MoveCube,k1,39,643900,hard,fail,0,1176,siglip-so400m/visual-episodic-absthr,0.96875,0.0,0.03125
MoveCube,k1,40,644000,easy,success,1,168,siglip-so400m/visual-episodic-absthr,0.96875,0.0,0.03125
MoveCube,k1,41,644100,easy,success,1,105,siglip-so400m/visual-episodic-absthr,0.96875,0.0,0.03125
MoveCube,k1,42,644200,medium,success,1,162,siglip-so400m/visual-episodic-absthr,0.96875,0.0,0.03125
MoveCube,k1,43,644300,hard,success,1,173,siglip-so400m/visual-episodic-absthr,0.96875,0.0,0.03125
MoveCube,k1,44,644400,easy,success,1,176,siglip-so400m/visual-episodic-absthr,0.96875,0.0,0.03125
MoveCube,k1,45,644500,easy,success,1,168,siglip-so400m/visual-episodic-absthr,0.96875,0.0,0.03125
MoveCube,k1,46,644600,medium,success,1,111,siglip-so400m/visual-episodic-absthr,0.96875,0.0,0.03125
MoveCube,k1,47,644700,hard,success,1,213,siglip-so400m/visual-episodic-absthr,0.96875,0.0,0.03125
MoveCube,k1,48,644801,easy,success,1,176,siglip-so400m/visual-episodic-absthr,0.96875,0.0,0.03125
MoveCube,k1,49,644900,easy,success,1,105,siglip-so400m/visual-episodic-absthr,0.96875,0.0,0.03125
MoveCube,k3,0,640000,easy,success,1,164,siglip-so400m/visual-episodic-absthr,0.96875,0.0,0.03125
MoveCube,k3,1,640101,easy,success,1,223,siglip-so400m/visual-episodic-absthr,0.96875,0.0,0.03125
MoveCube,k3,2,640200,medium,success,1,162,siglip-so400m/visual-episodic-absthr,0.96875,0.0,0.03125
MoveCube,k3,3,640300,hard,success,1,205,siglip-so400m/visual-episodic-absthr,0.96875,0.0,0.03125
MoveCube,k3,4,640400,easy,success,1,266,siglip-so400m/visual-episodic-absthr,0.96875,0.0,0.03125
MoveCube,k3,5,640500,easy,success,1,234,siglip-so400m/visual-episodic-absthr,0.96875,0.0,0.03125
MoveCube,k3,6,640600,medium,success,1,175,siglip-so400m/visual-episodic-absthr,0.96875,0.0,0.03125
MoveCube,k3,7,640700,hard,success,1,103,siglip-so400m/visual-episodic-absthr,0.96875,0.0,0.03125
MoveCube,k3,8,640800,easy,success,1,213,siglip-so400m/visual-episodic-absthr,0.96875,0.0,0.03125
MoveCube,k3,9,640900,easy,success,1,162,siglip-so400m/visual-episodic-absthr,0.96875,0.0,0.03125
MoveCube,k3,10,641000,medium,success,1,178,siglip-so400m/visual-episodic-absthr,0.96875,0.0,0.03125
MoveCube,k3,11,641100,hard,success,1,198,siglip-so400m/visual-episodic-absthr,0.96875,0.0,0.03125
MoveCube,k3,12,641200,easy,success,1,400,siglip-so400m/visual-episodic-absthr,0.96875,0.0,0.03125
MoveCube,k3,13,641300,easy,fail,0,74,siglip-so400m/visual-episodic-absthr,0.96875,0.0,0.03125
MoveCube,k3,14,641400,medium,fail,0,82,siglip-so400m/visual-episodic-absthr,0.96875,0.0,0.03125
MoveCube,k3,15,641500,hard,success,1,221,siglip-so400m/visual-episodic-absthr,0.96875,0.0,0.03125
MoveCube,k3,16,641600,easy,success,1,105,siglip-so400m/visual-episodic-absthr,0.96875,0.0,0.03125
MoveCube,k3,17,641700,easy,success,1,290,siglip-so400m/visual-episodic-absthr,0.96875,0.0,0.03125
MoveCube,k3,18,641800,medium,success,1,178,siglip-so400m/visual-episodic-absthr,0.96875,0.0,0.03125
MoveCube,k3,19,641900,hard,success,1,172,siglip-so400m/visual-episodic-absthr,0.96875,0.0,0.03125
MoveCube,k3,20,642000,easy,fail,0,74,siglip-so400m/visual-episodic-absthr,0.96875,0.0,0.03125
MoveCube,k3,21,642100,easy,fail,0,89,siglip-so400m/visual-episodic-absthr,0.96875,0.0,0.03125
MoveCube,k3,22,642200,medium,fail,0,240,siglip-so400m/visual-episodic-absthr,0.96875,0.0,0.03125
MoveCube,k3,23,642300,hard,fail,0,228,siglip-so400m/visual-episodic-absthr,0.96875,0.0,0.03125
MoveCube,k3,24,642400,easy,success,1,212,siglip-so400m/visual-episodic-absthr,0.96875,0.0,0.03125
MoveCube,k3,25,642500,easy,success,1,612,siglip-so400m/visual-episodic-absthr,0.96875,0.0,0.03125
MoveCube,k3,26,642600,medium,success,1,85,siglip-so400m/visual-episodic-absthr,0.96875,0.0,0.03125
MoveCube,k3,27,642700,hard,success,1,160,siglip-so400m/visual-episodic-absthr,0.96875,0.0,0.03125
MoveCube,k3,28,642800,easy,success,1,178,siglip-so400m/visual-episodic-absthr,0.96875,0.0,0.03125
MoveCube,k3,29,642900,easy,success,1,91,siglip-so400m/visual-episodic-absthr,0.96875,0.0,0.03125
MoveCube,k3,30,643000,medium,success,1,170,siglip-so400m/visual-episodic-absthr,0.96875,0.0,0.03125
MoveCube,k3,31,643101,hard,success,1,254,siglip-so400m/visual-episodic-absthr,0.96875,0.0,0.03125
MoveCube,k3,32,643200,easy,success,1,1184,siglip-so400m/visual-episodic-absthr,0.96875,0.0,0.03125
MoveCube,k3,33,643300,easy,success,1,239,siglip-so400m/visual-episodic-absthr,0.96875,0.0,0.03125
MoveCube,k3,34,643400,medium,success,1,176,siglip-so400m/visual-episodic-absthr,0.96875,0.0,0.03125
MoveCube,k3,35,643500,hard,success,1,152,siglip-so400m/visual-episodic-absthr,0.96875,0.0,0.03125
MoveCube,k3,36,643600,easy,success,1,170,siglip-so400m/visual-episodic-absthr,0.96875,0.0,0.03125
MoveCube,k3,37,643700,easy,success,1,111,siglip-so400m/visual-episodic-absthr,0.96875,0.0,0.03125
MoveCube,k3,38,643800,medium,success,1,93,siglip-so400m/visual-episodic-absthr,0.96875,0.0,0.03125
MoveCube,k3,39,643900,hard,ongoing,0,1300,siglip-so400m/visual-episodic-absthr,0.96875,0.0,0.03125
MoveCube,k3,40,644000,easy,success,1,166,siglip-so400m/visual-episodic-absthr,0.96875,0.0,0.03125
MoveCube,k3,41,644100,easy,success,1,105,siglip-so400m/visual-episodic-absthr,0.96875,0.0,0.03125
MoveCube,k3,42,644200,medium,success,1,162,siglip-so400m/visual-episodic-absthr,0.96875,0.0,0.03125
MoveCube,k3,43,644300,hard,success,1,174,siglip-so400m/visual-episodic-absthr,0.96875,0.0,0.03125
MoveCube,k3,44,644400,easy,success,1,178,siglip-so400m/visual-episodic-absthr,0.96875,0.0,0.03125
MoveCube,k3,45,644500,easy,success,1,168,siglip-so400m/visual-episodic-absthr,0.96875,0.0,0.03125
MoveCube,k3,46,644600,medium,success,1,109,siglip-so400m/visual-episodic-absthr,0.96875,0.0,0.03125
MoveCube,k3,47,644700,hard,success,1,213,siglip-so400m/visual-episodic-absthr,0.96875,0.0,0.03125
MoveCube,k3,48,644801,easy,success,1,176,siglip-so400m/visual-episodic-absthr,0.96875,0.0,0.03125
MoveCube,k3,49,644900,easy,success,1,104,siglip-so400m/visual-episodic-absthr,0.96875,0.0,0.03125
MoveCube,k7,0,640000,easy,success,1,168,siglip-so400m/visual-episodic-absthr,0.96875,0.0,0.03125
MoveCube,k7,1,640101,easy,success,1,222,siglip-so400m/visual-episodic-absthr,0.96875,0.0,0.03125
MoveCube,k7,2,640200,medium,success,1,162,siglip-so400m/visual-episodic-absthr,0.96875,0.0,0.03125
MoveCube,k7,3,640300,hard,success,1,205,siglip-so400m/visual-episodic-absthr,0.96875,0.0,0.03125
MoveCube,k7,4,640400,easy,success,1,264,siglip-so400m/visual-episodic-absthr,0.96875,0.0,0.03125
MoveCube,k7,5,640500,easy,success,1,233,siglip-so400m/visual-episodic-absthr,0.96875,0.0,0.03125
MoveCube,k7,6,640600,medium,success,1,175,siglip-so400m/visual-episodic-absthr,0.96875,0.0,0.03125
MoveCube,k7,7,640700,hard,success,1,103,siglip-so400m/visual-episodic-absthr,0.96875,0.0,0.03125
MoveCube,k7,8,640800,easy,success,1,216,siglip-so400m/visual-episodic-absthr,0.96875,0.0,0.03125
MoveCube,k7,9,640900,easy,success,1,168,siglip-so400m/visual-episodic-absthr,0.96875,0.0,0.03125
MoveCube,k7,10,641000,medium,success,1,178,siglip-so400m/visual-episodic-absthr,0.96875,0.0,0.03125
MoveCube,k7,11,641100,hard,success,1,198,siglip-so400m/visual-episodic-absthr,0.96875,0.0,0.03125
MoveCube,k7,12,641200,easy,success,1,1256,siglip-so400m/visual-episodic-absthr,0.96875,0.0,0.03125
MoveCube,k7,13,641300,easy,fail,0,200,siglip-so400m/visual-episodic-absthr,0.96875,0.0,0.03125
MoveCube,k7,14,641400,medium,fail,0,99,siglip-so400m/visual-episodic-absthr,0.96875,0.0,0.03125
MoveCube,k7,15,641500,hard,success,1,221,siglip-so400m/visual-episodic-absthr,0.96875,0.0,0.03125
MoveCube,k7,16,641600,easy,success,1,105,siglip-so400m/visual-episodic-absthr,0.96875,0.0,0.03125
MoveCube,k7,17,641700,easy,fail,0,263,siglip-so400m/visual-episodic-absthr,0.96875,0.0,0.03125
MoveCube,k7,18,641800,medium,success,1,178,siglip-so400m/visual-episodic-absthr,0.96875,0.0,0.03125
MoveCube,k7,19,641900,hard,success,1,175,siglip-so400m/visual-episodic-absthr,0.96875,0.0,0.03125
MoveCube,k7,20,642000,easy,fail,0,99,siglip-so400m/visual-episodic-absthr,0.96875,0.0,0.03125
MoveCube,k7,21,642100,easy,fail,0,168,siglip-so400m/visual-episodic-absthr,0.96875,0.0,0.03125
MoveCube,k7,22,642200,medium,fail,0,228,siglip-so400m/visual-episodic-absthr,0.96875,0.0,0.03125
MoveCube,k7,23,642300,hard,success,1,93,siglip-so400m/visual-episodic-absthr,0.96875,0.0,0.03125
MoveCube,k7,24,642400,easy,success,1,212,siglip-so400m/visual-episodic-absthr,0.96875,0.0,0.03125
MoveCube,k7,25,642500,easy,success,1,322,siglip-so400m/visual-episodic-absthr,0.96875,0.0,0.03125
MoveCube,k7,26,642600,medium,success,1,85,siglip-so400m/visual-episodic-absthr,0.96875,0.0,0.03125
MoveCube,k7,27,642700,hard,success,1,160,siglip-so400m/visual-episodic-absthr,0.96875,0.0,0.03125
MoveCube,k7,28,642800,easy,success,1,178,siglip-so400m/visual-episodic-absthr,0.96875,0.0,0.03125
MoveCube,k7,29,642900,easy,success,1,91,siglip-so400m/visual-episodic-absthr,0.96875,0.0,0.03125
MoveCube,k7,30,643000,medium,success,1,168,siglip-so400m/visual-episodic-absthr,0.96875,0.0,0.03125
MoveCube,k7,31,643101,hard,success,1,255,siglip-so400m/visual-episodic-absthr,0.96875,0.0,0.03125
MoveCube,k7,32,643200,easy,success,1,507,siglip-so400m/visual-episodic-absthr,0.96875,0.0,0.03125
MoveCube,k7,33,643300,easy,success,1,247,siglip-so400m/visual-episodic-absthr,0.96875,0.0,0.03125
MoveCube,k7,34,643400,medium,success,1,176,siglip-so400m/visual-episodic-absthr,0.96875,0.0,0.03125
MoveCube,k7,35,643500,hard,success,1,151,siglip-so400m/visual-episodic-absthr,0.96875,0.0,0.03125
MoveCube,k7,36,643600,easy,success,1,170,siglip-so400m/visual-episodic-absthr,0.96875,0.0,0.03125
MoveCube,k7,37,643700,easy,success,1,111,siglip-so400m/visual-episodic-absthr,0.96875,0.0,0.03125
MoveCube,k7,38,643800,medium,success,1,93,siglip-so400m/visual-episodic-absthr,0.96875,0.0,0.03125
MoveCube,k7,39,643900,hard,fail,0,1176,siglip-so400m/visual-episodic-absthr,0.96875,0.0,0.03125
MoveCube,k7,40,644000,easy,success,1,166,siglip-so400m/visual-episodic-absthr,0.96875,0.0,0.03125
MoveCube,k7,41,644100,easy,success,1,105,siglip-so400m/visual-episodic-absthr,0.96875,0.0,0.03125
MoveCube,k7,42,644200,medium,success,1,162,siglip-so400m/visual-episodic-absthr,0.96875,0.0,0.03125
MoveCube,k7,43,644300,hard,success,1,175,siglip-so400m/visual-episodic-absthr,0.96875,0.0,0.03125
MoveCube,k7,44,644400,easy,success,1,178,siglip-so400m/visual-episodic-absthr,0.96875,0.0,0.03125
MoveCube,k7,45,644500,easy,success,1,167,siglip-so400m/visual-episodic-absthr,0.96875,0.0,0.03125
MoveCube,k7,46,644600,medium,success,1,105,siglip-so400m/visual-episodic-absthr,0.96875,0.0,0.03125
MoveCube,k7,47,644700,hard,success,1,213,siglip-so400m/visual-episodic-absthr,0.96875,0.0,0.03125
MoveCube,k7,48,644801,easy,success,1,175,siglip-so400m/visual-episodic-absthr,0.96875,0.0,0.03125
MoveCube,k7,49,644900,easy,success,1,105,siglip-so400m/visual-episodic-absthr,0.96875,0.0,0.03125
PatternLock,k0,0,650000,easy,success,1,97,siglip-so400m/visual-episodic-absthr,0.96875,0.0,0.03125
PatternLock,k0,1,650100,easy,success,1,91,siglip-so400m/visual-episodic-absthr,0.96875,0.0,0.03125
PatternLock,k0,2,650200,medium,success,1,127,siglip-so400m/visual-episodic-absthr,0.96875,0.0,0.03125
PatternLock,k0,3,650300,hard,fail,0,67,siglip-so400m/visual-episodic-absthr,0.96875,0.0,0.03125
PatternLock,k0,4,650400,easy,success,1,89,siglip-so400m/visual-episodic-absthr,0.96875,0.0,0.03125
PatternLock,k0,5,650500,easy,success,1,29,siglip-so400m/visual-episodic-absthr,0.96875,0.0,0.03125
PatternLock,k0,6,650600,medium,fail,0,31,siglip-so400m/visual-episodic-absthr,0.96875,0.0,0.03125
PatternLock,k0,7,650700,hard,fail,0,34,siglip-so400m/visual-episodic-absthr,0.96875,0.0,0.03125
PatternLock,k0,8,650800,easy,success,1,91,siglip-so400m/visual-episodic-absthr,0.96875,0.0,0.03125
PatternLock,k0,9,650900,easy,success,1,69,siglip-so400m/visual-episodic-absthr,0.96875,0.0,0.03125
PatternLock,k0,10,651000,medium,success,1,105,siglip-so400m/visual-episodic-absthr,0.96875,0.0,0.03125
PatternLock,k0,11,651100,hard,fail,0,90,siglip-so400m/visual-episodic-absthr,0.96875,0.0,0.03125
PatternLock,k0,12,651200,easy,fail,0,41,siglip-so400m/visual-episodic-absthr,0.96875,0.0,0.03125
PatternLock,k0,13,651300,easy,fail,0,89,siglip-so400m/visual-episodic-absthr,0.96875,0.0,0.03125
PatternLock,k0,14,651400,medium,fail,0,68,siglip-so400m/visual-episodic-absthr,0.96875,0.0,0.03125
PatternLock,k0,15,651500,hard,fail,0,27,siglip-so400m/visual-episodic-absthr,0.96875,0.0,0.03125
PatternLock,k0,16,651600,easy,success,1,103,siglip-so400m/visual-episodic-absthr,0.96875,0.0,0.03125
PatternLock,k0,17,651700,easy,success,1,65,siglip-so400m/visual-episodic-absthr,0.96875,0.0,0.03125
PatternLock,k0,18,651800,medium,fail,0,70,siglip-so400m/visual-episodic-absthr,0.96875,0.0,0.03125
PatternLock,k0,19,651900,hard,fail,0,68,siglip-so400m/visual-episodic-absthr,0.96875,0.0,0.03125
PatternLock,k0,20,652000,easy,success,1,21,siglip-so400m/visual-episodic-absthr,0.96875,0.0,0.03125
PatternLock,k0,21,652100,easy,success,1,98,siglip-so400m/visual-episodic-absthr,0.96875,0.0,0.03125
PatternLock,k0,22,652200,medium,fail,0,173,siglip-so400m/visual-episodic-absthr,0.96875,0.0,0.03125
PatternLock,k0,23,652300,hard,fail,0,154,siglip-so400m/visual-episodic-absthr,0.96875,0.0,0.03125
PatternLock,k0,24,652400,easy,success,1,67,siglip-so400m/visual-episodic-absthr,0.96875,0.0,0.03125
PatternLock,k0,25,652500,easy,success,1,18,siglip-so400m/visual-episodic-absthr,0.9615384615384616,0.0,0.038461538461538464
PatternLock,k0,26,652600,medium,fail,0,61,siglip-so400m/visual-episodic-absthr,0.96875,0.0,0.03125
PatternLock,k0,27,652700,hard,fail,0,26,siglip-so400m/visual-episodic-absthr,0.96875,0.0,0.03125
PatternLock,k0,28,652800,easy,success,1,29,siglip-so400m/visual-episodic-absthr,0.96875,0.0,0.03125
PatternLock,k0,29,652900,easy,success,1,28,siglip-so400m/visual-episodic-absthr,0.96875,0.0,0.03125
PatternLock,k0,30,653000,medium,fail,0,59,siglip-so400m/visual-episodic-absthr,0.96875,0.0,0.03125
PatternLock,k0,31,653100,hard,fail,0,53,siglip-so400m/visual-episodic-absthr,0.96875,0.0,0.03125
PatternLock,k0,32,653200,easy,success,1,25,siglip-so400m/visual-episodic-absthr,0.96875,0.0,0.03125
PatternLock,k0,33,653300,easy,fail,0,50,siglip-so400m/visual-episodic-absthr,0.96875,0.0,0.03125
PatternLock,k0,34,653400,medium,success,1,81,siglip-so400m/visual-episodic-absthr,0.96875,0.0,0.03125
PatternLock,k0,35,653500,hard,fail,0,133,siglip-so400m/visual-episodic-absthr,0.96875,0.0,0.03125
PatternLock,k0,36,653600,easy,success,1,79,siglip-so400m/visual-episodic-absthr,0.96875,0.0,0.03125
PatternLock,k0,37,653700,easy,success,1,69,siglip-so400m/visual-episodic-absthr,0.96875,0.0,0.03125
PatternLock,k0,38,653800,medium,success,1,152,siglip-so400m/visual-episodic-absthr,0.96875,0.0,0.03125
PatternLock,k0,39,653900,hard,fail,0,90,siglip-so400m/visual-episodic-absthr,0.96875,0.0,0.03125
PatternLock,k0,40,654000,easy,success,1,89,siglip-so400m/visual-episodic-absthr,0.96875,0.0,0.03125
PatternLock,k0,41,654100,easy,success,1,103,siglip-so400m/visual-episodic-absthr,0.96875,0.0,0.03125
PatternLock,k0,42,654200,medium,fail,0,78,siglip-so400m/visual-episodic-absthr,0.96875,0.0,0.03125
PatternLock,k0,43,654300,hard,fail,0,50,siglip-so400m/visual-episodic-absthr,0.96875,0.0,0.03125
PatternLock,k0,44,654400,easy,success,1,22,siglip-so400m/visual-episodic-absthr,0.96875,0.0,0.03125
PatternLock,k0,45,654500,easy,success,1,102,siglip-so400m/visual-episodic-absthr,0.96875,0.0,0.03125
PatternLock,k0,46,654600,medium,success,1,121,siglip-so400m/visual-episodic-absthr,0.96875,0.0,0.03125
PatternLock,k0,47,654700,hard,fail,0,27,siglip-so400m/visual-episodic-absthr,0.96875,0.0,0.03125
PatternLock,k0,48,654800,easy,success,1,22,siglip-so400m/visual-episodic-absthr,0.96875,0.0,0.03125
PatternLock,k0,49,654900,easy,success,1,57,siglip-so400m/visual-episodic-absthr,0.96875,0.0,0.03125
PatternLock,k1,0,650000,easy,success,1,108,siglip-so400m/visual-episodic-absthr,0.96875,0.0,0.03125
PatternLock,k1,1,650100,easy,success,1,91,siglip-so400m/visual-episodic-absthr,0.96875,0.0,0.03125
PatternLock,k1,2,650200,medium,success,1,127,siglip-so400m/visual-episodic-absthr,0.96875,0.0,0.03125
PatternLock,k1,3,650300,hard,fail,0,68,siglip-so400m/visual-episodic-absthr,0.96875,0.0,0.03125
PatternLock,k1,4,650400,easy,success,1,89,siglip-so400m/visual-episodic-absthr,0.96875,0.0,0.03125
PatternLock,k1,5,650500,easy,success,1,29,siglip-so400m/visual-episodic-absthr,0.96875,0.0,0.03125
PatternLock,k1,6,650600,medium,fail,0,31,siglip-so400m/visual-episodic-absthr,0.96875,0.0,0.03125
PatternLock,k1,7,650700,hard,fail,0,34,siglip-so400m/visual-episodic-absthr,0.96875,0.0,0.03125
PatternLock,k1,8,650800,easy,success,1,90,siglip-so400m/visual-episodic-absthr,0.96875,0.0,0.03125
PatternLock,k1,9,650900,easy,success,1,69,siglip-so400m/visual-episodic-absthr,0.96875,0.0,0.03125
PatternLock,k1,10,651000,medium,fail,0,103,siglip-so400m/visual-episodic-absthr,0.96875,0.0,0.03125
PatternLock,k1,11,651100,hard,fail,0,101,siglip-so400m/visual-episodic-absthr,0.96875,0.0,0.03125
PatternLock,k1,12,651200,easy,fail,0,41,siglip-so400m/visual-episodic-absthr,0.96875,0.0,0.03125
PatternLock,k1,13,651300,easy,fail,0,89,siglip-so400m/visual-episodic-absthr,0.96875,0.0,0.03125
PatternLock,k1,14,651400,medium,fail,0,67,siglip-so400m/visual-episodic-absthr,0.96875,0.0,0.03125
PatternLock,k1,15,651500,hard,fail,0,27,siglip-so400m/visual-episodic-absthr,0.96875,0.0,0.03125
PatternLock,k1,16,651600,easy,success,1,103,siglip-so400m/visual-episodic-absthr,0.96875,0.0,0.03125
PatternLock,k1,17,651700,easy,success,1,65,siglip-so400m/visual-episodic-absthr,0.96875,0.0,0.03125
PatternLock,k1,18,651800,medium,success,1,57,siglip-so400m/visual-episodic-absthr,0.96875,0.0,0.03125
PatternLock,k1,19,651900,hard,fail,0,68,siglip-so400m/visual-episodic-absthr,0.96875,0.0,0.03125
PatternLock,k1,20,652000,easy,success,1,21,siglip-so400m/visual-episodic-absthr,0.96875,0.0,0.03125
PatternLock,k1,21,652100,easy,success,1,100,siglip-so400m/visual-episodic-absthr,0.96875,0.0,0.03125
PatternLock,k1,22,652200,medium,fail,0,184,siglip-so400m/visual-episodic-absthr,0.96875,0.0,0.03125
PatternLock,k1,23,652300,hard,fail,0,154,siglip-so400m/visual-episodic-absthr,0.96875,0.0,0.03125
PatternLock,k1,24,652400,easy,success,1,67,siglip-so400m/visual-episodic-absthr,0.96875,0.0,0.03125
PatternLock,k1,25,652500,easy,success,1,18,siglip-so400m/visual-episodic-absthr,0.9615384615384616,0.0,0.038461538461538464
PatternLock,k1,26,652600,medium,fail,0,61,siglip-so400m/visual-episodic-absthr,0.96875,0.0,0.03125
PatternLock,k1,27,652700,hard,fail,0,26,siglip-so400m/visual-episodic-absthr,0.96875,0.0,0.03125
PatternLock,k1,28,652800,easy,success,1,29,siglip-so400m/visual-episodic-absthr,0.96875,0.0,0.03125
PatternLock,k1,29,652900,easy,success,1,28,siglip-so400m/visual-episodic-absthr,0.96875,0.0,0.03125
PatternLock,k1,30,653000,medium,fail,0,58,siglip-so400m/visual-episodic-absthr,0.96875,0.0,0.03125
PatternLock,k1,31,653100,hard,fail,0,53,siglip-so400m/visual-episodic-absthr,0.96875,0.0,0.03125
PatternLock,k1,32,653200,easy,success,1,25,siglip-so400m/visual-episodic-absthr,0.96875,0.0,0.03125
PatternLock,k1,33,653300,easy,fail,0,50,siglip-so400m/visual-episodic-absthr,0.96875,0.0,0.03125
PatternLock,k1,34,653400,medium,success,1,82,siglip-so400m/visual-episodic-absthr,0.96875,0.0,0.03125
PatternLock,k1,35,653500,hard,fail,0,108,siglip-so400m/visual-episodic-absthr,0.96875,0.0,0.03125
PatternLock,k1,36,653600,easy,success,1,85,siglip-so400m/visual-episodic-absthr,0.96875,0.0,0.03125
PatternLock,k1,37,653700,easy,success,1,64,siglip-so400m/visual-episodic-absthr,0.96875,0.0,0.03125
PatternLock,k1,38,653800,medium,fail,0,116,siglip-so400m/visual-episodic-absthr,0.96875,0.0,0.03125
PatternLock,k1,39,653900,hard,fail,0,90,siglip-so400m/visual-episodic-absthr,0.96875,0.0,0.03125
PatternLock,k1,40,654000,easy,fail,0,102,siglip-so400m/visual-episodic-absthr,0.96875,0.0,0.03125
PatternLock,k1,41,654100,easy,success,1,103,siglip-so400m/visual-episodic-absthr,0.96875,0.0,0.03125
PatternLock,k1,42,654200,medium,fail,0,77,siglip-so400m/visual-episodic-absthr,0.96875,0.0,0.03125
PatternLock,k1,43,654300,hard,fail,0,41,siglip-so400m/visual-episodic-absthr,0.96875,0.0,0.03125
PatternLock,k1,44,654400,easy,success,1,22,siglip-so400m/visual-episodic-absthr,0.96875,0.0,0.03125
PatternLock,k1,45,654500,easy,success,1,101,siglip-so400m/visual-episodic-absthr,0.96875,0.0,0.03125
PatternLock,k1,46,654600,medium,success,1,124,siglip-so400m/visual-episodic-absthr,0.96875,0.0,0.03125
PatternLock,k1,47,654700,hard,fail,0,27,siglip-so400m/visual-episodic-absthr,0.96875,0.0,0.03125
PatternLock,k1,48,654800,easy,success,1,22,siglip-so400m/visual-episodic-absthr,0.96875,0.0,0.03125
PatternLock,k1,49,654900,easy,success,1,57,siglip-so400m/visual-episodic-absthr,0.96875,0.0,0.03125
PatternLock,k3,0,650000,easy,success,1,88,siglip-so400m/visual-episodic-absthr,0.96875,0.0,0.03125
PatternLock,k3,1,650100,easy,success,1,91,siglip-so400m/visual-episodic-absthr,0.96875,0.0,0.03125
PatternLock,k3,2,650200,medium,success,1,128,siglip-so400m/visual-episodic-absthr,0.96875,0.0,0.03125
PatternLock,k3,3,650300,hard,fail,0,67,siglip-so400m/visual-episodic-absthr,0.96875,0.0,0.03125
PatternLock,k3,4,650400,easy,success,1,87,siglip-so400m/visual-episodic-absthr,0.96875,0.0,0.03125
PatternLock,k3,5,650500,easy,success,1,29,siglip-so400m/visual-episodic-absthr,0.96875,0.0,0.03125
PatternLock,k3,6,650600,medium,fail,0,31,siglip-so400m/visual-episodic-absthr,0.96875,0.0,0.03125
PatternLock,k3,7,650700,hard,fail,0,34,siglip-so400m/visual-episodic-absthr,0.96875,0.0,0.03125
PatternLock,k3,8,650800,easy,success,1,91,siglip-so400m/visual-episodic-absthr,0.96875,0.0,0.03125
PatternLock,k3,9,650900,easy,success,1,69,siglip-so400m/visual-episodic-absthr,0.96875,0.0,0.03125
PatternLock,k3,10,651000,medium,success,1,105,siglip-so400m/visual-episodic-absthr,0.96875,0.0,0.03125
PatternLock,k3,11,651100,hard,fail,0,90,siglip-so400m/visual-episodic-absthr,0.96875,0.0,0.03125
PatternLock,k3,12,651200,easy,fail,0,41,siglip-so400m/visual-episodic-absthr,0.96875,0.0,0.03125
PatternLock,k3,13,651300,easy,fail,0,89,siglip-so400m/visual-episodic-absthr,0.96875,0.0,0.03125
PatternLock,k3,14,651400,medium,fail,0,68,siglip-so400m/visual-episodic-absthr,0.96875,0.0,0.03125
PatternLock,k3,15,651500,hard,fail,0,27,siglip-so400m/visual-episodic-absthr,0.96875,0.0,0.03125
PatternLock,k3,16,651600,easy,success,1,103,siglip-so400m/visual-episodic-absthr,0.96875,0.0,0.03125
PatternLock,k3,17,651700,easy,success,1,65,siglip-so400m/visual-episodic-absthr,0.96875,0.0,0.03125
PatternLock,k3,18,651800,medium,success,1,55,siglip-so400m/visual-episodic-absthr,0.96875,0.0,0.03125
PatternLock,k3,19,651900,hard,fail,0,71,siglip-so400m/visual-episodic-absthr,0.96875,0.0,0.03125
PatternLock,k3,20,652000,easy,success,1,21,siglip-so400m/visual-episodic-absthr,0.96875,0.0,0.03125
PatternLock,k3,21,652100,easy,success,1,95,siglip-so400m/visual-episodic-absthr,0.96875,0.0,0.03125
PatternLock,k3,22,652200,medium,fail,0,176,siglip-so400m/visual-episodic-absthr,0.96875,0.0,0.03125
PatternLock,k3,23,652300,hard,fail,0,155,siglip-so400m/visual-episodic-absthr,0.96875,0.0,0.03125
PatternLock,k3,24,652400,easy,success,1,67,siglip-so400m/visual-episodic-absthr,0.96875,0.0,0.03125
PatternLock,k3,25,652500,easy,success,1,18,siglip-so400m/visual-episodic-absthr,0.9615384615384616,0.0,0.038461538461538464
PatternLock,k3,26,652600,medium,fail,0,61,siglip-so400m/visual-episodic-absthr,0.96875,0.0,0.03125
PatternLock,k3,27,652700,hard,fail,0,26,siglip-so400m/visual-episodic-absthr,0.96875,0.0,0.03125
PatternLock,k3,28,652800,easy,success,1,29,siglip-so400m/visual-episodic-absthr,0.96875,0.0,0.03125
PatternLock,k3,29,652900,easy,success,1,28,siglip-so400m/visual-episodic-absthr,0.96875,0.0,0.03125
PatternLock,k3,30,653000,medium,fail,0,58,siglip-so400m/visual-episodic-absthr,0.96875,0.0,0.03125
PatternLock,k3,31,653100,hard,fail,0,53,siglip-so400m/visual-episodic-absthr,0.96875,0.0,0.03125
PatternLock,k3,32,653200,easy,success,1,25,siglip-so400m/visual-episodic-absthr,0.96875,0.0,0.03125
PatternLock,k3,33,653300,easy,fail,0,50,siglip-so400m/visual-episodic-absthr,0.96875,0.0,0.03125
PatternLock,k3,34,653400,medium,success,1,81,siglip-so400m/visual-episodic-absthr,0.96875,0.0,0.03125
PatternLock,k3,35,653500,hard,fail,0,110,siglip-so400m/visual-episodic-absthr,0.96875,0.0,0.03125
PatternLock,k3,36,653600,easy,success,1,82,siglip-so400m/visual-episodic-absthr,0.96875,0.0,0.03125
PatternLock,k3,37,653700,easy,success,1,64,siglip-so400m/visual-episodic-absthr,0.96875,0.0,0.03125
PatternLock,k3,38,653800,medium,success,1,146,siglip-so400m/visual-episodic-absthr,0.96875,0.0,0.03125
PatternLock,k3,39,653900,hard,fail,0,90,siglip-so400m/visual-episodic-absthr,0.96875,0.0,0.03125
PatternLock,k3,40,654000,easy,success,1,93,siglip-so400m/visual-episodic-absthr,0.96875,0.0,0.03125
PatternLock,k3,41,654100,easy,success,1,103,siglip-so400m/visual-episodic-absthr,0.96875,0.0,0.03125
PatternLock,k3,42,654200,medium,fail,0,76,siglip-so400m/visual-episodic-absthr,0.96875,0.0,0.03125
PatternLock,k3,43,654300,hard,fail,0,52,siglip-so400m/visual-episodic-absthr,0.96875,0.0,0.03125
PatternLock,k3,44,654400,easy,success,1,22,siglip-so400m/visual-episodic-absthr,0.96875,0.0,0.03125
PatternLock,k3,45,654500,easy,success,1,101,siglip-so400m/visual-episodic-absthr,0.96875,0.0,0.03125
PatternLock,k3,46,654600,medium,success,1,129,siglip-so400m/visual-episodic-absthr,0.96875,0.0,0.03125
PatternLock,k3,47,654700,hard,fail,0,27,siglip-so400m/visual-episodic-absthr,0.96875,0.0,0.03125
PatternLock,k3,48,654800,easy,success,1,22,siglip-so400m/visual-episodic-absthr,0.96875,0.0,0.03125
PatternLock,k3,49,654900,easy,success,1,57,siglip-so400m/visual-episodic-absthr,0.96875,0.0,0.03125
PatternLock,k7,0,650000,easy,success,1,90,siglip-so400m/visual-episodic-absthr,0.96875,0.0,0.03125
PatternLock,k7,1,650100,easy,success,1,92,siglip-so400m/visual-episodic-absthr,0.96875,0.0,0.03125
PatternLock,k7,2,650200,medium,success,1,128,siglip-so400m/visual-episodic-absthr,0.96875,0.0,0.03125
PatternLock,k7,3,650300,hard,fail,0,67,siglip-so400m/visual-episodic-absthr,0.96875,0.0,0.03125
PatternLock,k7,4,650400,easy,success,1,87,siglip-so400m/visual-episodic-absthr,0.96875,0.0,0.03125
PatternLock,k7,5,650500,easy,success,1,29,siglip-so400m/visual-episodic-absthr,0.96875,0.0,0.03125
PatternLock,k7,6,650600,medium,fail,0,31,siglip-so400m/visual-episodic-absthr,0.96875,0.0,0.03125
PatternLock,k7,7,650700,hard,fail,0,34,siglip-so400m/visual-episodic-absthr,0.96875,0.0,0.03125
PatternLock,k7,8,650800,easy,success,1,90,siglip-so400m/visual-episodic-absthr,0.96875,0.0,0.03125
PatternLock,k7,9,650900,easy,success,1,69,siglip-so400m/visual-episodic-absthr,0.96875,0.0,0.03125
PatternLock,k7,10,651000,medium,fail,0,96,siglip-so400m/visual-episodic-absthr,0.96875,0.0,0.03125
PatternLock,k7,11,651100,hard,fail,0,102,siglip-so400m/visual-episodic-absthr,0.96875,0.0,0.03125
PatternLock,k7,12,651200,easy,fail,0,41,siglip-so400m/visual-episodic-absthr,0.96875,0.0,0.03125
PatternLock,k7,13,651300,easy,fail,0,89,siglip-so400m/visual-episodic-absthr,0.96875,0.0,0.03125
PatternLock,k7,14,651400,medium,fail,0,67,siglip-so400m/visual-episodic-absthr,0.96875,0.0,0.03125
PatternLock,k7,15,651500,hard,fail,0,27,siglip-so400m/visual-episodic-absthr,0.96875,0.0,0.03125
PatternLock,k7,16,651600,easy,success,1,102,siglip-so400m/visual-episodic-absthr,0.96875,0.0,0.03125
PatternLock,k7,17,651700,easy,success,1,64,siglip-so400m/visual-episodic-absthr,0.96875,0.0,0.03125
PatternLock,k7,18,651800,medium,success,1,55,siglip-so400m/visual-episodic-absthr,0.96875,0.0,0.03125
PatternLock,k7,19,651900,hard,fail,0,71,siglip-so400m/visual-episodic-absthr,0.96875,0.0,0.03125
PatternLock,k7,20,652000,easy,success,1,21,siglip-so400m/visual-episodic-absthr,0.96875,0.0,0.03125
PatternLock,k7,21,652100,easy,success,1,96,siglip-so400m/visual-episodic-absthr,0.96875,0.0,0.03125
PatternLock,k7,22,652200,medium,fail,0,175,siglip-so400m/visual-episodic-absthr,0.96875,0.0,0.03125
PatternLock,k7,23,652300,hard,fail,0,155,siglip-so400m/visual-episodic-absthr,0.96875,0.0,0.03125
PatternLock,k7,24,652400,easy,success,1,67,siglip-so400m/visual-episodic-absthr,0.96875,0.0,0.03125
PatternLock,k7,25,652500,easy,success,1,18,siglip-so400m/visual-episodic-absthr,0.9615384615384616,0.0,0.038461538461538464
PatternLock,k7,26,652600,medium,fail,0,61,siglip-so400m/visual-episodic-absthr,0.96875,0.0,0.03125
PatternLock,k7,27,652700,hard,fail,0,26,siglip-so400m/visual-episodic-absthr,0.96875,0.0,0.03125
PatternLock,k7,28,652800,easy,success,1,29,siglip-so400m/visual-episodic-absthr,0.96875,0.0,0.03125
PatternLock,k7,29,652900,easy,success,1,28,siglip-so400m/visual-episodic-absthr,0.96875,0.0,0.03125
PatternLock,k7,30,653000,medium,fail,0,59,siglip-so400m/visual-episodic-absthr,0.96875,0.0,0.03125
PatternLock,k7,31,653100,hard,fail,0,53,siglip-so400m/visual-episodic-absthr,0.96875,0.0,0.03125
PatternLock,k7,32,653200,easy,success,1,25,siglip-so400m/visual-episodic-absthr,0.96875,0.0,0.03125
PatternLock,k7,33,653300,easy,fail,0,50,siglip-so400m/visual-episodic-absthr,0.96875,0.0,0.03125
PatternLock,k7,34,653400,medium,success,1,81,siglip-so400m/visual-episodic-absthr,0.96875,0.0,0.03125
PatternLock,k7,35,653500,hard,fail,0,118,siglip-so400m/visual-episodic-absthr,0.96875,0.0,0.03125
PatternLock,k7,36,653600,easy,success,1,80,siglip-so400m/visual-episodic-absthr,0.96875,0.0,0.03125
PatternLock,k7,37,653700,easy,success,1,65,siglip-so400m/visual-episodic-absthr,0.96875,0.0,0.03125
PatternLock,k7,38,653800,medium,success,1,146,siglip-so400m/visual-episodic-absthr,0.96875,0.0,0.03125
PatternLock,k7,39,653900,hard,fail,0,90,siglip-so400m/visual-episodic-absthr,0.96875,0.0,0.03125
PatternLock,k7,40,654000,easy,fail,0,110,siglip-so400m/visual-episodic-absthr,0.96875,0.0,0.03125
PatternLock,k7,41,654100,easy,success,1,103,siglip-so400m/visual-episodic-absthr,0.96875,0.0,0.03125
PatternLock,k7,42,654200,medium,fail,0,79,siglip-so400m/visual-episodic-absthr,0.96875,0.0,0.03125
PatternLock,k7,43,654300,hard,fail,0,51,siglip-so400m/visual-episodic-absthr,0.96875,0.0,0.03125
PatternLock,k7,44,654400,easy,success,1,22,siglip-so400m/visual-episodic-absthr,0.96875,0.0,0.03125
PatternLock,k7,45,654500,easy,success,1,101,siglip-so400m/visual-episodic-absthr,0.96875,0.0,0.03125
PatternLock,k7,46,654600,medium,success,1,130,siglip-so400m/visual-episodic-absthr,0.96875,0.0,0.03125
PatternLock,k7,47,654700,hard,fail,0,27,siglip-so400m/visual-episodic-absthr,0.96875,0.0,0.03125
PatternLock,k7,48,654800,easy,success,1,22,siglip-so400m/visual-episodic-absthr,0.96875,0.0,0.03125
PatternLock,k7,49,654900,easy,success,1,56,siglip-so400m/visual-episodic-absthr,0.96875,0.0,0.03125
RouteStick,k0,0,660000,easy,success,1,154,siglip-so400m/visual-episodic-absthr,0.96875,0.0,0.03125
RouteStick,k0,1,660100,easy,success,1,99,siglip-so400m/visual-episodic-absthr,0.96875,0.0,0.03125
RouteStick,k0,2,660200,medium,success,1,211,siglip-so400m/visual-episodic-absthr,0.96875,0.0,0.03125
RouteStick,k0,3,660300,hard,success,1,210,siglip-so400m/visual-episodic-absthr,0.96875,0.0,0.03125
RouteStick,k0,4,660400,easy,success,1,152,siglip-so400m/visual-episodic-absthr,0.96875,0.0,0.03125
RouteStick,k0,5,660500,easy,success,1,106,siglip-so400m/visual-episodic-absthr,0.96875,0.0,0.03125
RouteStick,k0,6,660600,medium,fail,0,100,siglip-so400m/visual-episodic-absthr,0.96875,0.0,0.03125
RouteStick,k0,7,660700,hard,fail,0,105,siglip-so400m/visual-episodic-absthr,0.96875,0.0,0.03125
RouteStick,k0,8,660800,easy,success,1,152,siglip-so400m/visual-episodic-absthr,0.96875,0.0,0.03125
RouteStick,k0,9,660900,easy,success,1,150,siglip-so400m/visual-episodic-absthr,0.96875,0.0,0.03125
RouteStick,k0,10,661000,medium,success,1,198,siglip-so400m/visual-episodic-absthr,0.96875,0.0,0.03125
RouteStick,k0,11,661100,hard,fail,0,107,siglip-so400m/visual-episodic-absthr,0.96875,0.0,0.03125
RouteStick,k0,12,661200,easy,fail,0,102,siglip-so400m/visual-episodic-absthr,0.96875,0.0,0.03125
RouteStick,k0,13,661300,easy,success,1,101,siglip-so400m/visual-episodic-absthr,0.96875,0.0,0.03125
RouteStick,k0,14,661400,medium,fail,0,203,siglip-so400m/visual-episodic-absthr,0.96875,0.0,0.03125
RouteStick,k0,15,661500,hard,success,1,210,siglip-so400m/visual-episodic-absthr,0.96875,0.0,0.03125
RouteStick,k0,16,661600,easy,success,1,100,siglip-so400m/visual-episodic-absthr,0.96875,0.0,0.03125
RouteStick,k0,17,661700,easy,success,1,151,siglip-so400m/visual-episodic-absthr,0.96875,0.0,0.03125
RouteStick,k0,18,661800,medium,success,1,207,siglip-so400m/visual-episodic-absthr,0.96875,0.0,0.03125
RouteStick,k0,19,661900,hard,fail,0,102,siglip-so400m/visual-episodic-absthr,0.96875,0.0,0.03125
RouteStick,k0,20,662000,easy,success,1,103,siglip-so400m/visual-episodic-absthr,0.96875,0.0,0.03125
RouteStick,k0,21,662100,easy,success,1,101,siglip-so400m/visual-episodic-absthr,0.96875,0.0,0.03125
RouteStick,k0,22,662200,medium,fail,0,46,siglip-so400m/visual-episodic-absthr,0.96875,0.0,0.03125
RouteStick,k0,23,662300,hard,success,1,207,siglip-so400m/visual-episodic-absthr,0.96875,0.0,0.03125
RouteStick,k0,24,662400,easy,success,1,99,siglip-so400m/visual-episodic-absthr,0.96875,0.0,0.03125
RouteStick,k0,25,662500,easy,success,1,99,siglip-so400m/visual-episodic-absthr,0.96875,0.0,0.03125
RouteStick,k0,26,662600,medium,success,1,257,siglip-so400m/visual-episodic-absthr,0.96875,0.0,0.03125
RouteStick,k0,27,662700,hard,success,1,262,siglip-so400m/visual-episodic-absthr,0.96875,0.0,0.03125
RouteStick,k0,28,662800,easy,success,1,155,siglip-so400m/visual-episodic-absthr,0.96875,0.0,0.03125
RouteStick,k0,29,662900,easy,success,1,101,siglip-so400m/visual-episodic-absthr,0.96875,0.0,0.03125
RouteStick,k0,30,663000,medium,success,1,269,siglip-so400m/visual-episodic-absthr,0.96875,0.0,0.03125
RouteStick,k0,31,663100,hard,success,1,203,siglip-so400m/visual-episodic-absthr,0.96875,0.0,0.03125
RouteStick,k0,32,663200,easy,success,1,98,siglip-so400m/visual-episodic-absthr,0.96875,0.0,0.03125
RouteStick,k0,33,663300,easy,fail,0,94,siglip-so400m/visual-episodic-absthr,0.96875,0.0,0.03125
RouteStick,k0,34,663400,medium,fail,0,96,siglip-so400m/visual-episodic-absthr,0.96875,0.0,0.03125
RouteStick,k0,35,663500,hard,fail,0,44,siglip-so400m/visual-episodic-absthr,0.96875,0.0,0.03125
RouteStick,k0,36,663600,easy,success,1,102,siglip-so400m/visual-episodic-absthr,0.96875,0.0,0.03125
RouteStick,k0,37,663700,easy,success,1,155,siglip-so400m/visual-episodic-absthr,0.96875,0.0,0.03125
RouteStick,k0,38,663800,medium,fail,0,266,siglip-so400m/visual-episodic-absthr,0.96875,0.0,0.03125
RouteStick,k0,39,663900,hard,fail,0,89,siglip-so400m/visual-episodic-absthr,0.96875,0.0,0.03125
RouteStick,k0,40,664000,easy,success,1,151,siglip-so400m/visual-episodic-absthr,0.96875,0.0,0.03125
RouteStick,k0,41,664100,easy,success,1,99,siglip-so400m/visual-episodic-absthr,0.96875,0.0,0.03125
RouteStick,k0,42,664200,medium,fail,0,102,siglip-so400m/visual-episodic-absthr,0.96875,0.0,0.03125
RouteStick,k0,43,664300,hard,fail,0,98,siglip-so400m/visual-episodic-absthr,0.96875,0.0,0.03125
RouteStick,k0,44,664400,easy,success,1,156,siglip-so400m/visual-episodic-absthr,0.96875,0.0,0.03125
RouteStick,k0,45,664500,easy,success,1,152,siglip-so400m/visual-episodic-absthr,0.96875,0.0,0.03125
RouteStick,k0,46,664600,medium,fail,0,101,siglip-so400m/visual-episodic-absthr,0.96875,0.0,0.03125
RouteStick,k0,47,664700,hard,fail,0,99,siglip-so400m/visual-episodic-absthr,0.96875,0.0,0.03125
RouteStick,k0,48,664800,easy,success,1,93,siglip-so400m/visual-episodic-absthr,0.96875,0.0,0.03125
RouteStick,k0,49,664900,easy,success,1,94,siglip-so400m/visual-episodic-absthr,0.96875,0.0,0.03125
RouteStick,k1,0,660000,easy,success,1,153,siglip-so400m/visual-episodic-absthr,0.96875,0.0,0.03125
RouteStick,k1,1,660100,easy,success,1,99,siglip-so400m/visual-episodic-absthr,0.96875,0.0,0.03125
RouteStick,k1,2,660200,medium,success,1,214,siglip-so400m/visual-episodic-absthr,0.96875,0.0,0.03125
RouteStick,k1,3,660300,hard,success,1,207,siglip-so400m/visual-episodic-absthr,0.96875,0.0,0.03125
RouteStick,k1,4,660400,easy,success,1,153,siglip-so400m/visual-episodic-absthr,0.96875,0.0,0.03125
RouteStick,k1,5,660500,easy,success,1,107,siglip-so400m/visual-episodic-absthr,0.96875,0.0,0.03125
RouteStick,k1,6,660600,medium,fail,0,99,siglip-so400m/visual-episodic-absthr,0.96875,0.0,0.03125
RouteStick,k1,7,660700,hard,fail,0,105,siglip-so400m/visual-episodic-absthr,0.96875,0.0,0.03125
RouteStick,k1,8,660800,easy,success,1,151,siglip-so400m/visual-episodic-absthr,0.96875,0.0,0.03125
RouteStick,k1,9,660900,easy,success,1,150,siglip-so400m/visual-episodic-absthr,0.96875,0.0,0.03125
RouteStick,k1,10,661000,medium,success,1,197,siglip-so400m/visual-episodic-absthr,0.96875,0.0,0.03125
RouteStick,k1,11,661100,hard,fail,0,107,siglip-so400m/visual-episodic-absthr,0.96875,0.0,0.03125
RouteStick,k1,12,661200,easy,success,1,152,siglip-so400m/visual-episodic-absthr,0.96875,0.0,0.03125
RouteStick,k1,13,661300,easy,success,1,101,siglip-so400m/visual-episodic-absthr,0.96875,0.0,0.03125
RouteStick,k1,14,661400,medium,fail,0,205,siglip-so400m/visual-episodic-absthr,0.96875,0.0,0.03125
RouteStick,k1,15,661500,hard,fail,0,215,siglip-so400m/visual-episodic-absthr,0.96875,0.0,0.03125
RouteStick,k1,16,661600,easy,success,1,93,siglip-so400m/visual-episodic-absthr,0.96875,0.0,0.03125
RouteStick,k1,17,661700,easy,success,1,151,siglip-so400m/visual-episodic-absthr,0.96875,0.0,0.03125
RouteStick,k1,18,661800,medium,success,1,206,siglip-so400m/visual-episodic-absthr,0.96875,0.0,0.03125
RouteStick,k1,19,661900,hard,fail,0,102,siglip-so400m/visual-episodic-absthr,0.96875,0.0,0.03125
RouteStick,k1,20,662000,easy,success,1,103,siglip-so400m/visual-episodic-absthr,0.96875,0.0,0.03125
RouteStick,k1,21,662100,easy,success,1,101,siglip-so400m/visual-episodic-absthr,0.96875,0.0,0.03125
RouteStick,k1,22,662200,medium,fail,0,46,siglip-so400m/visual-episodic-absthr,0.96875,0.0,0.03125
RouteStick,k1,23,662300,hard,success,1,207,siglip-so400m/visual-episodic-absthr,0.96875,0.0,0.03125
RouteStick,k1,24,662400,easy,success,1,100,siglip-so400m/visual-episodic-absthr,0.96875,0.0,0.03125
RouteStick,k1,25,662500,easy,success,1,100,siglip-so400m/visual-episodic-absthr,0.96875,0.0,0.03125
RouteStick,k1,26,662600,medium,success,1,258,siglip-so400m/visual-episodic-absthr,0.96875,0.0,0.03125
RouteStick,k1,27,662700,hard,fail,0,320,siglip-so400m/visual-episodic-absthr,0.96875,0.0,0.03125
RouteStick,k1,28,662800,easy,success,1,154,siglip-so400m/visual-episodic-absthr,0.96875,0.0,0.03125
RouteStick,k1,29,662900,easy,success,1,101,siglip-so400m/visual-episodic-absthr,0.96875,0.0,0.03125
RouteStick,k1,30,663000,medium,success,1,269,siglip-so400m/visual-episodic-absthr,0.96875,0.0,0.03125
RouteStick,k1,31,663100,hard,success,1,203,siglip-so400m/visual-episodic-absthr,0.96875,0.0,0.03125
RouteStick,k1,32,663200,easy,success,1,98,siglip-so400m/visual-episodic-absthr,0.96875,0.0,0.03125
RouteStick,k1,33,663300,easy,fail,0,94,siglip-so400m/visual-episodic-absthr,0.96875,0.0,0.03125
RouteStick,k1,34,663400,medium,fail,0,96,siglip-so400m/visual-episodic-absthr,0.96875,0.0,0.03125
RouteStick,k1,35,663500,hard,fail,0,44,siglip-so400m/visual-episodic-absthr,0.96875,0.0,0.03125
RouteStick,k1,36,663600,easy,success,1,102,siglip-so400m/visual-episodic-absthr,0.96875,0.0,0.03125
RouteStick,k1,37,663700,easy,success,1,154,siglip-so400m/visual-episodic-absthr,0.96875,0.0,0.03125
RouteStick,k1,38,663800,medium,fail,0,279,siglip-so400m/visual-episodic-absthr,0.96875,0.0,0.03125
RouteStick,k1,39,663900,hard,fail,0,90,siglip-so400m/visual-episodic-absthr,0.96875,0.0,0.03125
RouteStick,k1,40,664000,easy,success,1,152,siglip-so400m/visual-episodic-absthr,0.96875,0.0,0.03125
RouteStick,k1,41,664100,easy,success,1,99,siglip-so400m/visual-episodic-absthr,0.96875,0.0,0.03125
RouteStick,k1,42,664200,medium,fail,0,102,siglip-so400m/visual-episodic-absthr,0.96875,0.0,0.03125
RouteStick,k1,43,664300,hard,fail,0,99,siglip-so400m/visual-episodic-absthr,0.96875,0.0,0.03125
RouteStick,k1,44,664400,easy,success,1,156,siglip-so400m/visual-episodic-absthr,0.96875,0.0,0.03125
RouteStick,k1,45,664500,easy,success,1,152,siglip-so400m/visual-episodic-absthr,0.96875,0.0,0.03125
RouteStick,k1,46,664600,medium,fail,0,101,siglip-so400m/visual-episodic-absthr,0.96875,0.0,0.03125
RouteStick,k1,47,664700,hard,fail,0,99,siglip-so400m/visual-episodic-absthr,0.96875,0.0,0.03125
RouteStick,k1,48,664800,easy,success,1,93,siglip-so400m/visual-episodic-absthr,0.96875,0.0,0.03125
RouteStick,k1,49,664900,easy,success,1,94,siglip-so400m/visual-episodic-absthr,0.96875,0.0,0.03125
RouteStick,k3,0,660000,easy,success,1,154,siglip-so400m/visual-episodic-absthr,0.96875,0.0,0.03125
RouteStick,k3,1,660100,easy,success,1,99,siglip-so400m/visual-episodic-absthr,0.96875,0.0,0.03125
RouteStick,k3,2,660200,medium,success,1,209,siglip-so400m/visual-episodic-absthr,0.96875,0.0,0.03125
RouteStick,k3,3,660300,hard,success,1,209,siglip-so400m/visual-episodic-absthr,0.96875,0.0,0.03125
RouteStick,k3,4,660400,easy,success,1,152,siglip-so400m/visual-episodic-absthr,0.96875,0.0,0.03125
RouteStick,k3,5,660500,easy,success,1,106,siglip-so400m/visual-episodic-absthr,0.96875,0.0,0.03125
RouteStick,k3,6,660600,medium,fail,0,99,siglip-so400m/visual-episodic-absthr,0.96875,0.0,0.03125
RouteStick,k3,7,660700,hard,fail,0,105,siglip-so400m/visual-episodic-absthr,0.96875,0.0,0.03125
RouteStick,k3,8,660800,easy,success,1,151,siglip-so400m/visual-episodic-absthr,0.96875,0.0,0.03125
RouteStick,k3,9,660900,easy,success,1,150,siglip-so400m/visual-episodic-absthr,0.96875,0.0,0.03125
RouteStick,k3,10,661000,medium,success,1,198,siglip-so400m/visual-episodic-absthr,0.96875,0.0,0.03125
RouteStick,k3,11,661100,hard,fail,0,107,siglip-so400m/visual-episodic-absthr,0.96875,0.0,0.03125
RouteStick,k3,12,661200,easy,success,1,152,siglip-so400m/visual-episodic-absthr,0.96875,0.0,0.03125
RouteStick,k3,13,661300,easy,success,1,101,siglip-so400m/visual-episodic-absthr,0.96875,0.0,0.03125
RouteStick,k3,14,661400,medium,fail,0,205,siglip-so400m/visual-episodic-absthr,0.96875,0.0,0.03125
RouteStick,k3,15,661500,hard,fail,0,214,siglip-so400m/visual-episodic-absthr,0.96875,0.0,0.03125
RouteStick,k3,16,661600,easy,success,1,100,siglip-so400m/visual-episodic-absthr,0.96875,0.0,0.03125
RouteStick,k3,17,661700,easy,success,1,151,siglip-so400m/visual-episodic-absthr,0.96875,0.0,0.03125
RouteStick,k3,18,661800,medium,success,1,207,siglip-so400m/visual-episodic-absthr,0.96875,0.0,0.03125
RouteStick,k3,19,661900,hard,fail,0,102,siglip-so400m/visual-episodic-absthr,0.96875,0.0,0.03125
RouteStick,k3,20,662000,easy,success,1,102,siglip-so400m/visual-episodic-absthr,0.96875,0.0,0.03125
RouteStick,k3,21,662100,easy,success,1,101,siglip-so400m/visual-episodic-absthr,0.96875,0.0,0.03125
RouteStick,k3,22,662200,medium,fail,0,45,siglip-so400m/visual-episodic-absthr,0.96875,0.0,0.03125
RouteStick,k3,23,662300,hard,success,1,210,siglip-so400m/visual-episodic-absthr,0.96875,0.0,0.03125
RouteStick,k3,24,662400,easy,success,1,99,siglip-so400m/visual-episodic-absthr,0.96875,0.0,0.03125
RouteStick,k3,25,662500,easy,success,1,100,siglip-so400m/visual-episodic-absthr,0.96875,0.0,0.03125
RouteStick,k3,26,662600,medium,success,1,258,siglip-so400m/visual-episodic-absthr,0.96875,0.0,0.03125
RouteStick,k3,27,662700,hard,success,1,261,siglip-so400m/visual-episodic-absthr,0.96875,0.0,0.03125
RouteStick,k3,28,662800,easy,success,1,155,siglip-so400m/visual-episodic-absthr,0.96875,0.0,0.03125
RouteStick,k3,29,662900,easy,success,1,105,siglip-so400m/visual-episodic-absthr,0.96875,0.0,0.03125
RouteStick,k3,30,663000,medium,success,1,269,siglip-so400m/visual-episodic-absthr,0.96875,0.0,0.03125
RouteStick,k3,31,663100,hard,success,1,203,siglip-so400m/visual-episodic-absthr,0.96875,0.0,0.03125
RouteStick,k3,32,663200,easy,success,1,97,siglip-so400m/visual-episodic-absthr,0.96875,0.0,0.03125
RouteStick,k3,33,663300,easy,success,1,156,siglip-so400m/visual-episodic-absthr,0.96875,0.0,0.03125
RouteStick,k3,34,663400,medium,fail,0,97,siglip-so400m/visual-episodic-absthr,0.96875,0.0,0.03125
RouteStick,k3,35,663500,hard,fail,0,44,siglip-so400m/visual-episodic-absthr,0.96875,0.0,0.03125
RouteStick,k3,36,663600,easy,success,1,102,siglip-so400m/visual-episodic-absthr,0.96875,0.0,0.03125
RouteStick,k3,37,663700,easy,success,1,154,siglip-so400m/visual-episodic-absthr,0.96875,0.0,0.03125
RouteStick,k3,38,663800,medium,fail,0,279,siglip-so400m/visual-episodic-absthr,0.96875,0.0,0.03125
RouteStick,k3,39,663900,hard,fail,0,90,siglip-so400m/visual-episodic-absthr,0.96875,0.0,0.03125
RouteStick,k3,40,664000,easy,success,1,152,siglip-so400m/visual-episodic-absthr,0.96875,0.0,0.03125
RouteStick,k3,41,664100,easy,success,1,98,siglip-so400m/visual-episodic-absthr,0.96875,0.0,0.03125
RouteStick,k3,42,664200,medium,fail,0,103,siglip-so400m/visual-episodic-absthr,0.96875,0.0,0.03125
RouteStick,k3,43,664300,hard,fail,0,99,siglip-so400m/visual-episodic-absthr,0.96875,0.0,0.03125
RouteStick,k3,44,664400,easy,success,1,156,siglip-so400m/visual-episodic-absthr,0.96875,0.0,0.03125
RouteStick,k3,45,664500,easy,success,1,152,siglip-so400m/visual-episodic-absthr,0.96875,0.0,0.03125
RouteStick,k3,46,664600,medium,fail,0,101,siglip-so400m/visual-episodic-absthr,0.96875,0.0,0.03125
RouteStick,k3,47,664700,hard,fail,0,96,siglip-so400m/visual-episodic-absthr,0.96875,0.0,0.03125
RouteStick,k3,48,664800,easy,success,1,94,siglip-so400m/visual-episodic-absthr,0.96875,0.0,0.03125
RouteStick,k3,49,664900,easy,success,1,94,siglip-so400m/visual-episodic-absthr,0.96875,0.0,0.03125
RouteStick,k7,0,660000,easy,success,1,154,siglip-so400m/visual-episodic-absthr,0.96875,0.0,0.03125
RouteStick,k7,1,660100,easy,success,1,99,siglip-so400m/visual-episodic-absthr,0.96875,0.0,0.03125
RouteStick,k7,2,660200,medium,fail,0,176,siglip-so400m/visual-episodic-absthr,0.96875,0.0,0.03125
RouteStick,k7,3,660300,hard,success,1,208,siglip-so400m/visual-episodic-absthr,0.96875,0.0,0.03125
RouteStick,k7,4,660400,easy,success,1,152,siglip-so400m/visual-episodic-absthr,0.96875,0.0,0.03125
RouteStick,k7,5,660500,easy,success,1,107,siglip-so400m/visual-episodic-absthr,0.96875,0.0,0.03125
RouteStick,k7,6,660600,medium,fail,0,100,siglip-so400m/visual-episodic-absthr,0.96875,0.0,0.03125
RouteStick,k7,7,660700,hard,fail,0,104,siglip-so400m/visual-episodic-absthr,0.96875,0.0,0.03125
RouteStick,k7,8,660800,easy,success,1,149,siglip-so400m/visual-episodic-absthr,0.96875,0.0,0.03125
RouteStick,k7,9,660900,easy,success,1,150,siglip-so400m/visual-episodic-absthr,0.96875,0.0,0.03125
RouteStick,k7,10,661000,medium,success,1,198,siglip-so400m/visual-episodic-absthr,0.96875,0.0,0.03125
RouteStick,k7,11,661100,hard,fail,0,107,siglip-so400m/visual-episodic-absthr,0.96875,0.0,0.03125
RouteStick,k7,12,661200,easy,fail,0,103,siglip-so400m/visual-episodic-absthr,0.96875,0.0,0.03125
RouteStick,k7,13,661300,easy,success,1,101,siglip-so400m/visual-episodic-absthr,0.96875,0.0,0.03125
RouteStick,k7,14,661400,medium,fail,0,205,siglip-so400m/visual-episodic-absthr,0.96875,0.0,0.03125
RouteStick,k7,15,661500,hard,fail,0,214,siglip-so400m/visual-episodic-absthr,0.96875,0.0,0.03125
RouteStick,k7,16,661600,easy,success,1,100,siglip-so400m/visual-episodic-absthr,0.96875,0.0,0.03125
RouteStick,k7,17,661700,easy,success,1,151,siglip-so400m/visual-episodic-absthr,0.96875,0.0,0.03125
RouteStick,k7,18,661800,medium,success,1,206,siglip-so400m/visual-episodic-absthr,0.96875,0.0,0.03125
RouteStick,k7,19,661900,hard,fail,0,102,siglip-so400m/visual-episodic-absthr,0.96875,0.0,0.03125
RouteStick,k7,20,662000,easy,success,1,102,siglip-so400m/visual-episodic-absthr,0.96875,0.0,0.03125
RouteStick,k7,21,662100,easy,success,1,101,siglip-so400m/visual-episodic-absthr,0.96875,0.0,0.03125
RouteStick,k7,22,662200,medium,fail,0,46,siglip-so400m/visual-episodic-absthr,0.96875,0.0,0.03125
RouteStick,k7,23,662300,hard,success,1,206,siglip-so400m/visual-episodic-absthr,0.96875,0.0,0.03125
RouteStick,k7,24,662400,easy,success,1,99,siglip-so400m/visual-episodic-absthr,0.96875,0.0,0.03125
RouteStick,k7,25,662500,easy,success,1,100,siglip-so400m/visual-episodic-absthr,0.96875,0.0,0.03125
RouteStick,k7,26,662600,medium,success,1,259,siglip-so400m/visual-episodic-absthr,0.96875,0.0,0.03125
RouteStick,k7,27,662700,hard,success,1,261,siglip-so400m/visual-episodic-absthr,0.96875,0.0,0.03125
RouteStick,k7,28,662800,easy,success,1,155,siglip-so400m/visual-episodic-absthr,0.96875,0.0,0.03125
RouteStick,k7,29,662900,easy,success,1,101,siglip-so400m/visual-episodic-absthr,0.96875,0.0,0.03125
RouteStick,k7,30,663000,medium,success,1,269,siglip-so400m/visual-episodic-absthr,0.96875,0.0,0.03125
RouteStick,k7,31,663100,hard,success,1,203,siglip-so400m/visual-episodic-absthr,0.96875,0.0,0.03125
RouteStick,k7,32,663200,easy,success,1,98,siglip-so400m/visual-episodic-absthr,0.96875,0.0,0.03125
RouteStick,k7,33,663300,easy,fail,0,94,siglip-so400m/visual-episodic-absthr,0.96875,0.0,0.03125
RouteStick,k7,34,663400,medium,fail,0,97,siglip-so400m/visual-episodic-absthr,0.96875,0.0,0.03125
RouteStick,k7,35,663500,hard,fail,0,44,siglip-so400m/visual-episodic-absthr,0.96875,0.0,0.03125
RouteStick,k7,36,663600,easy,success,1,103,siglip-so400m/visual-episodic-absthr,0.96875,0.0,0.03125
RouteStick,k7,37,663700,easy,success,1,154,siglip-so400m/visual-episodic-absthr,0.96875,0.0,0.03125
RouteStick,k7,38,663800,medium,success,1,286,siglip-so400m/visual-episodic-absthr,0.96875,0.0,0.03125
RouteStick,k7,39,663900,hard,fail,0,89,siglip-so400m/visual-episodic-absthr,0.96875,0.0,0.03125
RouteStick,k7,40,664000,easy,success,1,152,siglip-so400m/visual-episodic-absthr,0.96875,0.0,0.03125
RouteStick,k7,41,664100,easy,success,1,98,siglip-so400m/visual-episodic-absthr,0.96875,0.0,0.03125
RouteStick,k7,42,664200,medium,fail,0,102,siglip-so400m/visual-episodic-absthr,0.96875,0.0,0.03125
RouteStick,k7,43,664300,hard,fail,0,99,siglip-so400m/visual-episodic-absthr,0.96875,0.0,0.03125
RouteStick,k7,44,664400,easy,success,1,156,siglip-so400m/visual-episodic-absthr,0.96875,0.0,0.03125
RouteStick,k7,45,664500,easy,success,1,152,siglip-so400m/visual-episodic-absthr,0.96875,0.0,0.03125
RouteStick,k7,46,664600,medium,fail,0,101,siglip-so400m/visual-episodic-absthr,0.96875,0.0,0.03125
RouteStick,k7,47,664700,hard,fail,0,99,siglip-so400m/visual-episodic-absthr,0.96875,0.0,0.03125
RouteStick,k7,48,664800,easy,success,1,93,siglip-so400m/visual-episodic-absthr,0.96875,0.0,0.03125
RouteStick,k7,49,664900,easy,success,1,95,siglip-so400m/visual-episodic-absthr,0.96875,0.0,0.03125
VideoPlaceButton,k0,0,600000,easy,success,1,178,siglip-so400m/visual-episodic-absthr,0.96875,0.0,0.03125
VideoPlaceButton,k0,1,600100,easy,fail,0,185,siglip-so400m/visual-episodic-absthr,0.96875,0.0,0.03125
VideoPlaceButton,k0,2,600200,medium,success,1,183,siglip-so400m/visual-episodic-absthr,0.96875,0.0,0.03125
VideoPlaceButton,k0,3,600300,hard,fail,0,178,siglip-so400m/visual-episodic-absthr,0.96875,0.0,0.03125
VideoPlaceButton,k0,4,600400,easy,fail,0,213,siglip-so400m/visual-episodic-absthr,0.96875,0.0,0.03125
VideoPlaceButton,k0,5,600500,easy,success,1,186,siglip-so400m/visual-episodic-absthr,0.96875,0.0,0.03125
VideoPlaceButton,k0,6,600601,medium,fail,0,256,siglip-so400m/visual-episodic-absthr,0.96875,0.0,0.03125
VideoPlaceButton,k0,7,600700,hard,fail,0,178,siglip-so400m/visual-episodic-absthr,0.96875,0.0,0.03125
VideoPlaceButton,k0,8,600800,easy,success,1,188,siglip-so400m/visual-episodic-absthr,0.96875,0.0,0.03125
VideoPlaceButton,k0,9,600900,easy,success,1,176,siglip-so400m/visual-episodic-absthr,0.96875,0.0,0.03125
VideoPlaceButton,k0,10,601000,medium,success,1,183,siglip-so400m/visual-episodic-absthr,0.96875,0.0,0.03125
VideoPlaceButton,k0,11,601100,hard,success,1,174,siglip-so400m/visual-episodic-absthr,0.96875,0.0,0.03125
VideoPlaceButton,k0,12,601200,easy,fail,0,187,siglip-so400m/visual-episodic-absthr,0.96875,0.0,0.03125
VideoPlaceButton,k0,13,601300,easy,fail,0,178,siglip-so400m/visual-episodic-absthr,0.96875,0.0,0.03125
VideoPlaceButton,k0,14,601400,medium,success,1,178,siglip-so400m/visual-episodic-absthr,0.96875,0.0,0.03125
VideoPlaceButton,k0,15,601501,hard,success,1,197,siglip-so400m/visual-episodic-absthr,0.96875,0.0,0.03125
VideoPlaceButton,k0,16,601600,easy,success,1,187,siglip-so400m/visual-episodic-absthr,0.96875,0.0,0.03125
VideoPlaceButton,k0,17,601700,easy,success,1,188,siglip-so400m/visual-episodic-absthr,0.96875,0.0,0.03125
VideoPlaceButton,k0,18,601800,medium,success,1,197,siglip-so400m/visual-episodic-absthr,0.96875,0.0,0.03125
VideoPlaceButton,k0,19,601901,hard,success,1,173,siglip-so400m/visual-episodic-absthr,0.96875,0.0,0.03125
VideoPlaceButton,k0,20,602000,easy,success,1,185,siglip-so400m/visual-episodic-absthr,0.96875,0.0,0.03125
VideoPlaceButton,k0,21,602100,easy,fail,0,196,siglip-so400m/visual-episodic-absthr,0.96875,0.0,0.03125
VideoPlaceButton,k0,22,602200,medium,fail,0,196,siglip-so400m/visual-episodic-absthr,0.96875,0.0,0.03125
VideoPlaceButton,k0,23,602300,hard,fail,0,175,siglip-so400m/visual-episodic-absthr,0.96875,0.0,0.03125
VideoPlaceButton,k0,24,602400,easy,fail,0,188,siglip-so400m/visual-episodic-absthr,0.96875,0.0,0.03125
VideoPlaceButton,k0,25,602500,easy,success,1,175,siglip-so400m/visual-episodic-absthr,0.96875,0.0,0.03125
VideoPlaceButton,k0,26,602600,medium,fail,0,195,siglip-so400m/visual-episodic-absthr,0.96875,0.0,0.03125
VideoPlaceButton,k0,27,602701,hard,fail,0,175,siglip-so400m/visual-episodic-absthr,0.96875,0.0,0.03125
VideoPlaceButton,k0,28,602800,easy,success,1,198,siglip-so400m/visual-episodic-absthr,0.96875,0.0,0.03125
VideoPlaceButton,k0,29,602900,easy,fail,0,191,siglip-so400m/visual-episodic-absthr,0.96875,0.0,0.03125
VideoPlaceButton,k0,30,603000,medium,fail,0,178,siglip-so400m/visual-episodic-absthr,0.96875,0.0,0.03125
VideoPlaceButton,k0,31,603100,hard,fail,0,183,siglip-so400m/visual-episodic-absthr,0.96875,0.0,0.03125
VideoPlaceButton,k0,32,603200,easy,success,1,178,siglip-so400m/visual-episodic-absthr,0.96875,0.0,0.03125
VideoPlaceButton,k0,33,603300,easy,fail,0,194,siglip-so400m/visual-episodic-absthr,0.96875,0.0,0.03125
VideoPlaceButton,k0,34,603401,medium,success,1,174,siglip-so400m/visual-episodic-absthr,0.96875,0.0,0.03125
VideoPlaceButton,k0,35,603500,hard,success,1,183,siglip-so400m/visual-episodic-absthr,0.96875,0.0,0.03125
VideoPlaceButton,k0,36,603600,easy,success,1,175,siglip-so400m/visual-episodic-absthr,0.96875,0.0,0.03125
VideoPlaceButton,k0,37,603700,easy,fail,0,179,siglip-so400m/visual-episodic-absthr,0.96875,0.0,0.03125
VideoPlaceButton,k0,38,603800,medium,fail,0,178,siglip-so400m/visual-episodic-absthr,0.96875,0.0,0.03125
VideoPlaceButton,k0,39,603900,hard,fail,0,178,siglip-so400m/visual-episodic-absthr,0.96875,0.0,0.03125
VideoPlaceButton,k0,40,604000,easy,fail,0,172,siglip-so400m/visual-episodic-absthr,0.96875,0.0,0.03125
VideoPlaceButton,k0,41,604100,easy,success,1,184,siglip-so400m/visual-episodic-absthr,0.96875,0.0,0.03125
VideoPlaceButton,k0,42,604200,medium,fail,0,194,siglip-so400m/visual-episodic-absthr,0.96875,0.0,0.03125
VideoPlaceButton,k0,43,604300,hard,fail,0,176,siglip-so400m/visual-episodic-absthr,0.96875,0.0,0.03125
VideoPlaceButton,k0,44,604401,easy,success,1,210,siglip-so400m/visual-episodic-absthr,0.96875,0.0,0.03125
VideoPlaceButton,k0,45,604500,easy,success,1,175,siglip-so400m/visual-episodic-absthr,0.96875,0.0,0.03125
VideoPlaceButton,k0,46,604600,medium,success,1,178,siglip-so400m/visual-episodic-absthr,0.96875,0.0,0.03125
VideoPlaceButton,k0,47,604700,hard,fail,0,195,siglip-so400m/visual-episodic-absthr,0.96875,0.0,0.03125
VideoPlaceButton,k0,48,604800,easy,success,1,179,siglip-so400m/visual-episodic-absthr,0.96875,0.0,0.03125
VideoPlaceButton,k0,49,604900,easy,success,1,175,siglip-so400m/visual-episodic-absthr,0.96875,0.0,0.03125
VideoPlaceButton,k1,0,600000,easy,success,1,185,siglip-so400m/visual-episodic-absthr,0.96875,0.0,0.03125
VideoPlaceButton,k1,1,600100,easy,fail,0,188,siglip-so400m/visual-episodic-absthr,0.96875,0.0,0.03125
VideoPlaceButton,k1,2,600200,medium,success,1,183,siglip-so400m/visual-episodic-absthr,0.96875,0.0,0.03125
VideoPlaceButton,k1,3,600300,hard,fail,0,198,siglip-so400m/visual-episodic-absthr,0.96875,0.0,0.03125
VideoPlaceButton,k1,4,600400,easy,fail,0,162,siglip-so400m/visual-episodic-absthr,0.9375,0.03125,0.03125
VideoPlaceButton,k1,5,600500,easy,success,1,188,siglip-so400m/visual-episodic-absthr,0.96875,0.0,0.03125
VideoPlaceButton,k1,6,600601,medium,success,1,178,siglip-so400m/visual-episodic-absthr,0.96875,0.0,0.03125
VideoPlaceButton,k1,7,600700,hard,fail,0,178,siglip-so400m/visual-episodic-absthr,0.96875,0.0,0.03125
VideoPlaceButton,k1,8,600800,easy,success,1,190,siglip-so400m/visual-episodic-absthr,0.96875,0.0,0.03125
VideoPlaceButton,k1,9,600900,easy,success,1,168,siglip-so400m/visual-episodic-absthr,0.9375,0.03125,0.03125
VideoPlaceButton,k1,10,601000,medium,success,1,183,siglip-so400m/visual-episodic-absthr,0.96875,0.0,0.03125
VideoPlaceButton,k1,11,601100,hard,success,1,173,siglip-so400m/visual-episodic-absthr,0.96875,0.0,0.03125
VideoPlaceButton,k1,12,601200,easy,fail,0,185,siglip-so400m/visual-episodic-absthr,0.96875,0.0,0.03125
VideoPlaceButton,k1,13,601300,easy,fail,0,178,siglip-so400m/visual-episodic-absthr,0.96875,0.0,0.03125
VideoPlaceButton,k1,14,601400,medium,success,1,178,siglip-so400m/visual-episodic-absthr,0.96875,0.0,0.03125
VideoPlaceButton,k1,15,601501,hard,success,1,197,siglip-so400m/visual-episodic-absthr,0.96875,0.0,0.03125
VideoPlaceButton,k1,16,601600,easy,success,1,184,siglip-so400m/visual-episodic-absthr,0.96875,0.0,0.03125
VideoPlaceButton,k1,17,601700,easy,success,1,188,siglip-so400m/visual-episodic-absthr,0.9375,0.03125,0.03125
VideoPlaceButton,k1,18,601800,medium,success,1,196,siglip-so400m/visual-episodic-absthr,0.96875,0.0,0.03125
VideoPlaceButton,k1,19,601901,hard,success,1,168,siglip-so400m/visual-episodic-absthr,0.9375,0.03125,0.03125
VideoPlaceButton,k1,20,602000,easy,success,1,183,siglip-so400m/visual-episodic-absthr,0.9375,0.03125,0.03125
VideoPlaceButton,k1,21,602100,easy,fail,0,184,siglip-so400m/visual-episodic-absthr,0.9375,0.03125,0.03125
VideoPlaceButton,k1,22,602200,medium,fail,0,178,siglip-so400m/visual-episodic-absthr,0.96875,0.0,0.03125
VideoPlaceButton,k1,23,602300,hard,fail,0,176,siglip-so400m/visual-episodic-absthr,0.96875,0.0,0.03125
VideoPlaceButton,k1,24,602400,easy,fail,0,190,siglip-so400m/visual-episodic-absthr,0.9375,0.03125,0.03125
VideoPlaceButton,k1,25,602500,easy,success,1,178,siglip-so400m/visual-episodic-absthr,0.96875,0.0,0.03125
VideoPlaceButton,k1,26,602600,medium,fail,0,188,siglip-so400m/visual-episodic-absthr,0.9375,0.03125,0.03125
VideoPlaceButton,k1,27,602701,hard,fail,0,176,siglip-so400m/visual-episodic-absthr,0.96875,0.0,0.03125
VideoPlaceButton,k1,28,602800,easy,success,1,197,siglip-so400m/visual-episodic-absthr,0.96875,0.0,0.03125
VideoPlaceButton,k1,29,602900,easy,fail,0,188,siglip-so400m/visual-episodic-absthr,0.96875,0.0,0.03125
VideoPlaceButton,k1,30,603000,medium,fail,0,281,siglip-so400m/visual-episodic-absthr,0.96875,0.0,0.03125
VideoPlaceButton,k1,31,603100,hard,fail,0,178,siglip-so400m/visual-episodic-absthr,0.96875,0.0,0.03125
VideoPlaceButton,k1,32,603200,easy,success,1,178,siglip-so400m/visual-episodic-absthr,0.9375,0.03125,0.03125
VideoPlaceButton,k1,33,603300,easy,fail,0,196,siglip-so400m/visual-episodic-absthr,0.9375,0.03125,0.03125
VideoPlaceButton,k1,34,603401,medium,success,1,175,siglip-so400m/visual-episodic-absthr,0.96875,0.0,0.03125
VideoPlaceButton,k1,35,603500,hard,success,1,183,siglip-so400m/visual-episodic-absthr,0.96875,0.0,0.03125
VideoPlaceButton,k1,36,603600,easy,success,1,166,siglip-so400m/visual-episodic-absthr,0.9375,0.03125,0.03125
VideoPlaceButton,k1,37,603700,easy,success,1,195,siglip-so400m/visual-episodic-absthr,0.9375,0.03125,0.03125
VideoPlaceButton,k1,38,603800,medium,fail,0,179,siglip-so400m/visual-episodic-absthr,0.9375,0.03125,0.03125
VideoPlaceButton,k1,39,603900,hard,fail,0,173,siglip-so400m/visual-episodic-absthr,0.9375,0.03125,0.03125
VideoPlaceButton,k1,40,604000,easy,fail,0,168,siglip-so400m/visual-episodic-absthr,0.96875,0.0,0.03125
VideoPlaceButton,k1,41,604100,easy,success,1,187,siglip-so400m/visual-episodic-absthr,0.96875,0.0,0.03125
VideoPlaceButton,k1,42,604200,medium,fail,0,191,siglip-so400m/visual-episodic-absthr,0.96875,0.0,0.03125
VideoPlaceButton,k1,43,604300,hard,fail,0,176,siglip-so400m/visual-episodic-absthr,0.96875,0.0,0.03125
VideoPlaceButton,k1,44,604401,easy,success,1,205,siglip-so400m/visual-episodic-absthr,0.96875,0.0,0.03125
VideoPlaceButton,k1,45,604500,easy,success,1,178,siglip-so400m/visual-episodic-absthr,0.9375,0.03125,0.03125
VideoPlaceButton,k1,46,604600,medium,success,1,179,siglip-so400m/visual-episodic-absthr,0.96875,0.0,0.03125
VideoPlaceButton,k1,47,604700,hard,fail,0,195,siglip-so400m/visual-episodic-absthr,0.96875,0.0,0.03125
VideoPlaceButton,k1,48,604800,easy,success,1,180,siglip-so400m/visual-episodic-absthr,0.96875,0.0,0.03125
VideoPlaceButton,k1,49,604900,easy,success,1,168,siglip-so400m/visual-episodic-absthr,0.96875,0.0,0.03125
VideoPlaceButton,k3,0,600000,easy,success,1,185,siglip-so400m/visual-episodic-absthr,0.96875,0.0,0.03125
VideoPlaceButton,k3,1,600100,easy,fail,0,184,siglip-so400m/visual-episodic-absthr,0.96875,0.0,0.03125
VideoPlaceButton,k3,2,600200,medium,success,1,183,siglip-so400m/visual-episodic-absthr,0.96875,0.0,0.03125
VideoPlaceButton,k3,3,600300,hard,fail,0,198,siglip-so400m/visual-episodic-absthr,0.96875,0.0,0.03125
VideoPlaceButton,k3,4,600400,easy,fail,0,219,siglip-so400m/visual-episodic-absthr,0.96875,0.0,0.03125
VideoPlaceButton,k3,5,600500,easy,success,1,188,siglip-so400m/visual-episodic-absthr,0.9375,0.03125,0.03125
VideoPlaceButton,k3,6,600601,medium,fail,0,203,siglip-so400m/visual-episodic-absthr,0.96875,0.0,0.03125
VideoPlaceButton,k3,7,600700,hard,success,1,274,siglip-so400m/visual-episodic-absthr,0.96875,0.0,0.03125
VideoPlaceButton,k3,8,600800,easy,success,1,189,siglip-so400m/visual-episodic-absthr,0.96875,0.0,0.03125
VideoPlaceButton,k3,9,600900,easy,success,1,176,siglip-so400m/visual-episodic-absthr,0.96875,0.0,0.03125
VideoPlaceButton,k3,10,601000,medium,success,1,183,siglip-so400m/visual-episodic-absthr,0.96875,0.0,0.03125
VideoPlaceButton,k3,11,601100,hard,success,1,175,siglip-so400m/visual-episodic-absthr,0.96875,0.0,0.03125
VideoPlaceButton,k3,12,601200,easy,fail,0,186,siglip-so400m/visual-episodic-absthr,0.96875,0.0,0.03125
VideoPlaceButton,k3,13,601300,easy,fail,0,178,siglip-so400m/visual-episodic-absthr,0.96875,0.0,0.03125
VideoPlaceButton,k3,14,601400,medium,success,1,178,siglip-so400m/visual-episodic-absthr,0.9375,0.03125,0.03125
VideoPlaceButton,k3,15,601501,hard,fail,0,166,siglip-so400m/visual-episodic-absthr,0.9375,0.03125,0.03125
VideoPlaceButton,k3,16,601600,easy,success,1,187,siglip-so400m/visual-episodic-absthr,0.96875,0.0,0.03125
VideoPlaceButton,k3,17,601700,easy,success,1,188,siglip-so400m/visual-episodic-absthr,0.96875,0.0,0.03125
VideoPlaceButton,k3,18,601800,medium,success,1,197,siglip-so400m/visual-episodic-absthr,0.96875,0.0,0.03125
VideoPlaceButton,k3,19,601901,hard,fail,0,194,siglip-so400m/visual-episodic-absthr,0.96875,0.0,0.03125
VideoPlaceButton,k3,20,602000,easy,success,1,186,siglip-so400m/visual-episodic-absthr,0.96875,0.0,0.03125
VideoPlaceButton,k3,21,602100,easy,fail,0,196,siglip-so400m/visual-episodic-absthr,0.96875,0.0,0.03125
VideoPlaceButton,k3,22,602200,medium,fail,0,202,siglip-so400m/visual-episodic-absthr,0.96875,0.0,0.03125
VideoPlaceButton,k3,23,602300,hard,fail,0,175,siglip-so400m/visual-episodic-absthr,0.96875,0.0,0.03125
VideoPlaceButton,k3,24,602400,easy,fail,0,190,siglip-so400m/visual-episodic-absthr,0.96875,0.0,0.03125
VideoPlaceButton,k3,25,602500,easy,success,1,178,siglip-so400m/visual-episodic-absthr,0.96875,0.0,0.03125
VideoPlaceButton,k3,26,602600,medium,fail,0,186,siglip-so400m/visual-episodic-absthr,0.96875,0.0,0.03125
VideoPlaceButton,k3,27,602701,hard,fail,0,176,siglip-so400m/visual-episodic-absthr,0.96875,0.0,0.03125
VideoPlaceButton,k3,28,602800,easy,success,1,192,siglip-so400m/visual-episodic-absthr,0.96875,0.0,0.03125
VideoPlaceButton,k3,29,602900,easy,fail,0,191,siglip-so400m/visual-episodic-absthr,0.96875,0.0,0.03125
VideoPlaceButton,k3,30,603000,medium,fail,0,178,siglip-so400m/visual-episodic-absthr,0.96875,0.0,0.03125
VideoPlaceButton,k3,31,603100,hard,fail,0,183,siglip-so400m/visual-episodic-absthr,0.9375,0.03125,0.03125
VideoPlaceButton,k3,32,603200,easy,success,1,178,siglip-so400m/visual-episodic-absthr,0.96875,0.0,0.03125
VideoPlaceButton,k3,33,603300,easy,fail,0,196,siglip-so400m/visual-episodic-absthr,0.9375,0.03125,0.03125
VideoPlaceButton,k3,34,603401,medium,success,1,174,siglip-so400m/visual-episodic-absthr,0.96875,0.0,0.03125
VideoPlaceButton,k3,35,603500,hard,success,1,183,siglip-so400m/visual-episodic-absthr,0.96875,0.0,0.03125
VideoPlaceButton,k3,36,603600,easy,success,1,175,siglip-so400m/visual-episodic-absthr,0.96875,0.0,0.03125
VideoPlaceButton,k3,37,603700,easy,fail,0,179,siglip-so400m/visual-episodic-absthr,0.96875,0.0,0.03125
VideoPlaceButton,k3,38,603800,medium,fail,0,178,siglip-so400m/visual-episodic-absthr,0.96875,0.0,0.03125
VideoPlaceButton,k3,39,603900,hard,fail,0,178,siglip-so400m/visual-episodic-absthr,0.96875,0.0,0.03125
VideoPlaceButton,k3,40,604000,easy,fail,0,168,siglip-so400m/visual-episodic-absthr,0.96875,0.0,0.03125
VideoPlaceButton,k3,41,604100,easy,success,1,187,siglip-so400m/visual-episodic-absthr,0.96875,0.0,0.03125
VideoPlaceButton,k3,42,604200,medium,fail,0,194,siglip-so400m/visual-episodic-absthr,0.96875,0.0,0.03125
VideoPlaceButton,k3,43,604300,hard,fail,0,176,siglip-so400m/visual-episodic-absthr,0.9375,0.03125,0.03125
VideoPlaceButton,k3,44,604401,easy,success,1,196,siglip-so400m/visual-episodic-absthr,0.96875,0.0,0.03125
VideoPlaceButton,k3,45,604500,easy,success,1,175,siglip-so400m/visual-episodic-absthr,0.96875,0.0,0.03125
VideoPlaceButton,k3,46,604600,medium,success,1,180,siglip-so400m/visual-episodic-absthr,0.96875,0.0,0.03125
VideoPlaceButton,k3,47,604700,hard,fail,0,195,siglip-so400m/visual-episodic-absthr,0.9375,0.03125,0.03125
VideoPlaceButton,k3,48,604800,easy,success,1,178,siglip-so400m/visual-episodic-absthr,0.96875,0.0,0.03125
VideoPlaceButton,k3,49,604900,easy,success,1,175,siglip-so400m/visual-episodic-absthr,0.96875,0.0,0.03125
VideoPlaceButton,k7,0,600000,easy,success,1,185,siglip-so400m/visual-episodic-absthr,0.96875,0.0,0.03125
VideoPlaceButton,k7,1,600100,easy,fail,0,173,siglip-so400m/visual-episodic-absthr,0.9375,0.03125,0.03125
VideoPlaceButton,k7,2,600200,medium,success,1,183,siglip-so400m/visual-episodic-absthr,0.96875,0.0,0.03125
VideoPlaceButton,k7,3,600300,hard,fail,0,198,siglip-so400m/visual-episodic-absthr,0.96875,0.0,0.03125
VideoPlaceButton,k7,4,600400,easy,fail,0,176,siglip-so400m/visual-episodic-absthr,0.96875,0.0,0.03125
VideoPlaceButton,k7,5,600500,easy,success,1,184,siglip-so400m/visual-episodic-absthr,0.96875,0.0,0.03125
VideoPlaceButton,k7,6,600601,medium,success,1,189,siglip-so400m/visual-episodic-absthr,0.96875,0.0,0.03125
VideoPlaceButton,k7,7,600700,hard,fail,0,176,siglip-so400m/visual-episodic-absthr,0.96875,0.0,0.03125
VideoPlaceButton,k7,8,600800,easy,success,1,186,siglip-so400m/visual-episodic-absthr,0.96875,0.0,0.03125
VideoPlaceButton,k7,9,600900,easy,success,1,172,siglip-so400m/visual-episodic-absthr,0.96875,0.0,0.03125
VideoPlaceButton,k7,10,601000,medium,success,1,183,siglip-so400m/visual-episodic-absthr,0.96875,0.0,0.03125
VideoPlaceButton,k7,11,601100,hard,success,1,175,siglip-so400m/visual-episodic-absthr,0.96875,0.0,0.03125
VideoPlaceButton,k7,12,601200,easy,fail,0,186,siglip-so400m/visual-episodic-absthr,0.96875,0.0,0.03125
VideoPlaceButton,k7,13,601300,easy,fail,0,180,siglip-so400m/visual-episodic-absthr,0.96875,0.0,0.03125
VideoPlaceButton,k7,14,601400,medium,success,1,178,siglip-so400m/visual-episodic-absthr,0.96875,0.0,0.03125
VideoPlaceButton,k7,15,601501,hard,success,1,198,siglip-so400m/visual-episodic-absthr,0.96875,0.0,0.03125
VideoPlaceButton,k7,16,601600,easy,success,1,185,siglip-so400m/visual-episodic-absthr,0.9375,0.03125,0.03125
VideoPlaceButton,k7,17,601700,easy,success,1,183,siglip-so400m/visual-episodic-absthr,0.9375,0.03125,0.03125
VideoPlaceButton,k7,18,601800,medium,success,1,197,siglip-so400m/visual-episodic-absthr,0.96875,0.0,0.03125
VideoPlaceButton,k7,19,601901,hard,success,1,173,siglip-so400m/visual-episodic-absthr,0.9375,0.03125,0.03125
VideoPlaceButton,k7,20,602000,easy,success,1,179,siglip-so400m/visual-episodic-absthr,0.9375,0.03125,0.03125
VideoPlaceButton,k7,21,602100,easy,fail,0,196,siglip-so400m/visual-episodic-absthr,0.96875,0.0,0.03125
VideoPlaceButton,k7,22,602200,medium,fail,0,199,siglip-so400m/visual-episodic-absthr,0.96875,0.0,0.03125
VideoPlaceButton,k7,23,602300,hard,fail,0,175,siglip-so400m/visual-episodic-absthr,0.96875,0.0,0.03125
VideoPlaceButton,k7,24,602400,easy,fail,0,196,siglip-so400m/visual-episodic-absthr,0.90625,0.0625,0.03125
VideoPlaceButton,k7,25,602500,easy,success,1,168,siglip-so400m/visual-episodic-absthr,0.9375,0.03125,0.03125
VideoPlaceButton,k7,26,602600,medium,success,1,176,siglip-so400m/visual-episodic-absthr,0.9375,0.03125,0.03125
VideoPlaceButton,k7,27,602701,hard,fail,0,173,siglip-so400m/visual-episodic-absthr,0.96875,0.0,0.03125
VideoPlaceButton,k7,28,602800,easy,success,1,195,siglip-so400m/visual-episodic-absthr,0.96875,0.0,0.03125
VideoPlaceButton,k7,29,602900,easy,success,1,175,siglip-so400m/visual-episodic-absthr,0.96875,0.0,0.03125
VideoPlaceButton,k7,30,603000,medium,fail,0,178,siglip-so400m/visual-episodic-absthr,0.96875,0.0,0.03125
VideoPlaceButton,k7,31,603100,hard,fail,0,184,siglip-so400m/visual-episodic-absthr,0.96875,0.0,0.03125
VideoPlaceButton,k7,32,603200,easy,success,1,183,siglip-so400m/visual-episodic-absthr,0.9375,0.03125,0.03125
VideoPlaceButton,k7,33,603300,easy,fail,0,205,siglip-so400m/visual-episodic-absthr,0.9375,0.03125,0.03125
VideoPlaceButton,k7,34,603401,medium,success,1,174,siglip-so400m/visual-episodic-absthr,0.9375,0.03125,0.03125
VideoPlaceButton,k7,35,603500,hard,success,1,183,siglip-so400m/visual-episodic-absthr,0.96875,0.0,0.03125
VideoPlaceButton,k7,36,603600,easy,success,1,175,siglip-so400m/visual-episodic-absthr,0.96875,0.0,0.03125
VideoPlaceButton,k7,37,603700,easy,success,1,195,siglip-so400m/visual-episodic-absthr,0.9375,0.03125,0.03125
VideoPlaceButton,k7,38,603800,medium,fail,0,182,siglip-so400m/visual-episodic-absthr,0.96875,0.0,0.03125
VideoPlaceButton,k7,39,603900,hard,fail,0,178,siglip-so400m/visual-episodic-absthr,0.96875,0.0,0.03125
VideoPlaceButton,k7,40,604000,easy,fail,0,166,siglip-so400m/visual-episodic-absthr,0.9375,0.03125,0.03125
VideoPlaceButton,k7,41,604100,easy,success,1,188,siglip-so400m/visual-episodic-absthr,0.96875,0.0,0.03125
VideoPlaceButton,k7,42,604200,medium,fail,0,191,siglip-so400m/visual-episodic-absthr,0.96875,0.0,0.03125
VideoPlaceButton,k7,43,604300,hard,fail,0,178,siglip-so400m/visual-episodic-absthr,0.96875,0.0,0.03125
VideoPlaceButton,k7,44,604401,easy,success,1,205,siglip-so400m/visual-episodic-absthr,0.96875,0.0,0.03125
VideoPlaceButton,k7,45,604500,easy,success,1,176,siglip-so400m/visual-episodic-absthr,0.9375,0.03125,0.03125
VideoPlaceButton,k7,46,604600,medium,success,1,181,siglip-so400m/visual-episodic-absthr,0.96875,0.0,0.03125
VideoPlaceButton,k7,47,604700,hard,fail,0,194,siglip-so400m/visual-episodic-absthr,0.96875,0.0,0.03125
VideoPlaceButton,k7,48,604800,easy,success,1,178,siglip-so400m/visual-episodic-absthr,0.96875,0.0,0.03125
VideoPlaceButton,k7,49,604900,easy,success,1,178,siglip-so400m/visual-episodic-absthr,0.96875,0.0,0.03125
VideoPlaceOrder,k0,0,610002,easy,success,1,175,siglip-so400m/visual-episodic-absthr,0.96875,0.0,0.03125
VideoPlaceOrder,k0,1,610100,easy,success,1,185,siglip-so400m/visual-episodic-absthr,0.96875,0.0,0.03125
VideoPlaceOrder,k0,2,610203,medium,fail,0,174,siglip-so400m/visual-episodic-absthr,0.96875,0.0,0.03125
VideoPlaceOrder,k0,3,610300,hard,fail,0,178,siglip-so400m/visual-episodic-absthr,0.96875,0.0,0.03125
VideoPlaceOrder,k0,4,610402,easy,fail,0,194,siglip-so400m/visual-episodic-absthr,0.96875,0.0,0.03125
VideoPlaceOrder,k0,5,610500,easy,success,1,186,siglip-so400m/visual-episodic-absthr,0.96875,0.0,0.03125
VideoPlaceOrder,k0,6,610601,medium,fail,0,186,siglip-so400m/visual-episodic-absthr,0.96875,0.0,0.03125
VideoPlaceOrder,k0,7,610701,hard,success,1,175,siglip-so400m/visual-episodic-absthr,0.96875,0.0,0.03125
VideoPlaceOrder,k0,8,610801,easy,success,1,176,siglip-so400m/visual-episodic-absthr,0.96875,0.0,0.03125
VideoPlaceOrder,k0,9,610901,easy,fail,0,205,siglip-so400m/visual-episodic-absthr,0.96875,0.0,0.03125
VideoPlaceOrder,k0,10,611000,medium,success,1,178,siglip-so400m/visual-episodic-absthr,0.96875,0.0,0.03125
VideoPlaceOrder,k0,11,611101,hard,ongoing,0,1300,siglip-so400m/visual-episodic-absthr,0.96875,0.0,0.03125
VideoPlaceOrder,k0,12,611201,easy,fail,0,197,siglip-so400m/visual-episodic-absthr,0.96875,0.0,0.03125
VideoPlaceOrder,k0,13,611301,easy,success,1,178,siglip-so400m/visual-episodic-absthr,0.96875,0.0,0.03125
VideoPlaceOrder,k0,14,611402,medium,fail,0,178,siglip-so400m/visual-episodic-absthr,0.96875,0.0,0.03125
VideoPlaceOrder,k0,15,611501,hard,fail,0,180,siglip-so400m/visual-episodic-absthr,0.96875,0.0,0.03125
VideoPlaceOrder,k0,16,611601,easy,success,1,162,siglip-so400m/visual-episodic-absthr,0.96875,0.0,0.03125
VideoPlaceOrder,k0,17,611700,easy,fail,0,189,siglip-so400m/visual-episodic-absthr,0.96875,0.0,0.03125
VideoPlaceOrder,k0,18,611802,medium,fail,0,178,siglip-so400m/visual-episodic-absthr,0.96875,0.0,0.03125
VideoPlaceOrder,k0,19,611901,hard,fail,0,183,siglip-so400m/visual-episodic-absthr,0.96875,0.0,0.03125
VideoPlaceOrder,k0,20,612001,easy,fail,0,190,siglip-so400m/visual-episodic-absthr,0.96875,0.0,0.03125
VideoPlaceOrder,k0,21,612100,easy,success,1,176,siglip-so400m/visual-episodic-absthr,0.96875,0.0,0.03125
VideoPlaceOrder,k0,22,612201,medium,success,1,178,siglip-so400m/visual-episodic-absthr,0.96875,0.0,0.03125
VideoPlaceOrder,k0,23,612304,hard,fail,0,188,siglip-so400m/visual-episodic-absthr,0.96875,0.0,0.03125
VideoPlaceOrder,k0,24,612400,easy,success,1,181,siglip-so400m/visual-episodic-absthr,0.96875,0.0,0.03125
VideoPlaceOrder,k0,25,612500,easy,fail,0,188,siglip-so400m/visual-episodic-absthr,0.96875,0.0,0.03125
VideoPlaceOrder,k0,26,612600,medium,fail,0,196,siglip-so400m/visual-episodic-absthr,0.96875,0.0,0.03125
VideoPlaceOrder,k0,27,612701,hard,fail,0,290,siglip-so400m/visual-episodic-absthr,0.96875,0.0,0.03125
VideoPlaceOrder,k0,28,612800,easy,fail,0,178,siglip-so400m/visual-episodic-absthr,0.96875,0.0,0.03125
VideoPlaceOrder,k0,29,612900,easy,fail,0,179,siglip-so400m/visual-episodic-absthr,0.96875,0.0,0.03125
VideoPlaceOrder,k0,30,613001,medium,success,1,178,siglip-so400m/visual-episodic-absthr,0.96875,0.0,0.03125
VideoPlaceOrder,k0,31,613100,hard,success,1,167,siglip-so400m/visual-episodic-absthr,0.96875,0.0,0.03125
VideoPlaceOrder,k0,32,613202,easy,fail,0,194,siglip-so400m/visual-episodic-absthr,0.96875,0.0,0.03125
VideoPlaceOrder,k0,33,613301,easy,fail,0,178,siglip-so400m/visual-episodic-absthr,0.96875,0.0,0.03125
VideoPlaceOrder,k0,34,613401,medium,success,1,178,siglip-so400m/visual-episodic-absthr,0.96875,0.0,0.03125
VideoPlaceOrder,k0,35,613500,hard,fail,0,172,siglip-so400m/visual-episodic-absthr,0.96875,0.0,0.03125
VideoPlaceOrder,k0,36,613601,easy,success,1,194,siglip-so400m/visual-episodic-absthr,0.96875,0.0,0.03125
VideoPlaceOrder,k0,37,613702,easy,fail,0,175,siglip-so400m/visual-episodic-absthr,0.96875,0.0,0.03125
VideoPlaceOrder,k0,38,613800,medium,fail,0,183,siglip-so400m/visual-episodic-absthr,0.96875,0.0,0.03125
VideoPlaceOrder,k0,39,613900,hard,fail,0,178,siglip-so400m/visual-episodic-absthr,0.96875,0.0,0.03125
VideoPlaceOrder,k0,40,614000,easy,success,1,198,siglip-so400m/visual-episodic-absthr,0.96875,0.0,0.03125
VideoPlaceOrder,k0,41,614100,easy,fail,0,187,siglip-so400m/visual-episodic-absthr,0.96875,0.0,0.03125
VideoPlaceOrder,k0,42,614200,medium,success,1,179,siglip-so400m/visual-episodic-absthr,0.96875,0.0,0.03125
VideoPlaceOrder,k0,43,614300,hard,success,1,178,siglip-so400m/visual-episodic-absthr,0.96875,0.0,0.03125
VideoPlaceOrder,k0,44,614401,easy,success,1,183,siglip-so400m/visual-episodic-absthr,0.96875,0.0,0.03125
VideoPlaceOrder,k0,45,614500,easy,fail,0,185,siglip-so400m/visual-episodic-absthr,0.96875,0.0,0.03125
VideoPlaceOrder,k0,46,614601,medium,fail,0,186,siglip-so400m/visual-episodic-absthr,0.96875,0.0,0.03125
VideoPlaceOrder,k0,47,614701,hard,success,1,191,siglip-so400m/visual-episodic-absthr,0.96875,0.0,0.03125
VideoPlaceOrder,k0,48,614801,easy,fail,0,180,siglip-so400m/visual-episodic-absthr,0.96875,0.0,0.03125
VideoPlaceOrder,k0,49,614900,easy,fail,0,175,siglip-so400m/visual-episodic-absthr,0.96875,0.0,0.03125
VideoPlaceOrder,k1,0,610002,easy,success,1,175,siglip-so400m/visual-episodic-absthr,0.96875,0.0,0.03125
VideoPlaceOrder,k1,1,610100,easy,success,1,185,siglip-so400m/visual-episodic-absthr,0.96875,0.0,0.03125
VideoPlaceOrder,k1,2,610203,medium,fail,0,175,siglip-so400m/visual-episodic-absthr,0.96875,0.0,0.03125
VideoPlaceOrder,k1,3,610300,hard,fail,0,178,siglip-so400m/visual-episodic-absthr,0.96875,0.0,0.03125
VideoPlaceOrder,k1,4,610402,easy,fail,0,191,siglip-so400m/visual-episodic-absthr,0.96875,0.0,0.03125
VideoPlaceOrder,k1,5,610500,easy,success,1,186,siglip-so400m/visual-episodic-absthr,0.96875,0.0,0.03125
VideoPlaceOrder,k1,6,610601,medium,fail,0,186,siglip-so400m/visual-episodic-absthr,0.96875,0.0,0.03125
VideoPlaceOrder,k1,7,610701,hard,success,1,175,siglip-so400m/visual-episodic-absthr,0.96875,0.0,0.03125
VideoPlaceOrder,k1,8,610801,easy,success,1,176,siglip-so400m/visual-episodic-absthr,0.96875,0.0,0.03125
VideoPlaceOrder,k1,9,610901,easy,fail,0,205,siglip-so400m/visual-episodic-absthr,0.96875,0.0,0.03125
VideoPlaceOrder,k1,10,611000,medium,success,1,178,siglip-so400m/visual-episodic-absthr,0.96875,0.0,0.03125
VideoPlaceOrder,k1,11,611101,hard,ongoing,0,1300,siglip-so400m/visual-episodic-absthr,0.96875,0.0,0.03125
VideoPlaceOrder,k1,12,611201,easy,fail,0,197,siglip-so400m/visual-episodic-absthr,0.96875,0.0,0.03125
VideoPlaceOrder,k1,13,611301,easy,success,1,178,siglip-so400m/visual-episodic-absthr,0.96875,0.0,0.03125
VideoPlaceOrder,k1,14,611402,medium,fail,0,178,siglip-so400m/visual-episodic-absthr,0.96875,0.0,0.03125
VideoPlaceOrder,k1,15,611501,hard,fail,0,179,siglip-so400m/visual-episodic-absthr,0.96875,0.0,0.03125
VideoPlaceOrder,k1,16,611601,easy,success,1,166,siglip-so400m/visual-episodic-absthr,0.96875,0.0,0.03125
VideoPlaceOrder,k1,17,611700,easy,fail,0,189,siglip-so400m/visual-episodic-absthr,0.96875,0.0,0.03125
VideoPlaceOrder,k1,18,611802,medium,fail,0,178,siglip-so400m/visual-episodic-absthr,0.96875,0.0,0.03125
VideoPlaceOrder,k1,19,611901,hard,fail,0,180,siglip-so400m/visual-episodic-absthr,0.9375,0.03125,0.03125
VideoPlaceOrder,k1,20,612001,easy,success,1,178,siglip-so400m/visual-episodic-absthr,0.96875,0.0,0.03125
VideoPlaceOrder,k1,21,612100,easy,success,1,176,siglip-so400m/visual-episodic-absthr,0.96875,0.0,0.03125
VideoPlaceOrder,k1,22,612201,medium,success,1,178,siglip-so400m/visual-episodic-absthr,0.96875,0.0,0.03125
VideoPlaceOrder,k1,23,612304,hard,fail,0,178,siglip-so400m/visual-episodic-absthr,0.96875,0.0,0.03125
VideoPlaceOrder,k1,24,612400,easy,success,1,183,siglip-so400m/visual-episodic-absthr,0.96875,0.0,0.03125
VideoPlaceOrder,k1,25,612500,easy,fail,0,188,siglip-so400m/visual-episodic-absthr,0.96875,0.0,0.03125
VideoPlaceOrder,k1,26,612600,medium,fail,0,185,siglip-so400m/visual-episodic-absthr,0.96875,0.0,0.03125
VideoPlaceOrder,k1,27,612701,hard,success,1,213,siglip-so400m/visual-episodic-absthr,0.96875,0.0,0.03125
VideoPlaceOrder,k1,28,612800,easy,success,1,213,siglip-so400m/visual-episodic-absthr,0.96875,0.0,0.03125
VideoPlaceOrder,k1,29,612900,easy,success,1,174,siglip-so400m/visual-episodic-absthr,0.9375,0.03125,0.03125
VideoPlaceOrder,k1,30,613001,medium,success,1,178,siglip-so400m/visual-episodic-absthr,0.96875,0.0,0.03125
VideoPlaceOrder,k1,31,613100,hard,success,1,166,siglip-so400m/visual-episodic-absthr,0.96875,0.0,0.03125
VideoPlaceOrder,k1,32,613202,easy,fail,0,197,siglip-so400m/visual-episodic-absthr,0.96875,0.0,0.03125
VideoPlaceOrder,k1,33,613301,easy,fail,0,175,siglip-so400m/visual-episodic-absthr,0.9375,0.03125,0.03125
VideoPlaceOrder,k1,34,613401,medium,success,1,178,siglip-so400m/visual-episodic-absthr,0.96875,0.0,0.03125
VideoPlaceOrder,k1,35,613500,hard,fail,0,173,siglip-so400m/visual-episodic-absthr,0.96875,0.0,0.03125
VideoPlaceOrder,k1,36,613601,easy,success,1,194,siglip-so400m/visual-episodic-absthr,0.96875,0.0,0.03125
VideoPlaceOrder,k1,37,613702,easy,fail,0,175,siglip-so400m/visual-episodic-absthr,0.96875,0.0,0.03125
VideoPlaceOrder,k1,38,613800,medium,fail,0,202,siglip-so400m/visual-episodic-absthr,0.96875,0.0,0.03125
VideoPlaceOrder,k1,39,613900,hard,fail,0,179,siglip-so400m/visual-episodic-absthr,0.9375,0.03125,0.03125
VideoPlaceOrder,k1,40,614000,easy,success,1,181,siglip-so400m/visual-episodic-absthr,0.96875,0.0,0.03125
VideoPlaceOrder,k1,41,614100,easy,fail,0,185,siglip-so400m/visual-episodic-absthr,0.96875,0.0,0.03125
VideoPlaceOrder,k1,42,614200,medium,success,1,178,siglip-so400m/visual-episodic-absthr,0.96875,0.0,0.03125
VideoPlaceOrder,k1,43,614300,hard,success,1,178,siglip-so400m/visual-episodic-absthr,0.96875,0.0,0.03125
VideoPlaceOrder,k1,44,614401,easy,success,1,183,siglip-so400m/visual-episodic-absthr,0.9375,0.03125,0.03125
VideoPlaceOrder,k1,45,614500,easy,fail,0,183,siglip-so400m/visual-episodic-absthr,0.96875,0.0,0.03125
VideoPlaceOrder,k1,46,614601,medium,fail,0,188,siglip-so400m/visual-episodic-absthr,0.96875,0.0,0.03125
VideoPlaceOrder,k1,47,614701,hard,success,1,176,siglip-so400m/visual-episodic-absthr,0.9375,0.03125,0.03125
VideoPlaceOrder,k1,48,614801,easy,fail,0,180,siglip-so400m/visual-episodic-absthr,0.96875,0.0,0.03125
VideoPlaceOrder,k1,49,614900,easy,fail,0,176,siglip-so400m/visual-episodic-absthr,0.96875,0.0,0.03125
VideoPlaceOrder,k3,0,610002,easy,success,1,175,siglip-so400m/visual-episodic-absthr,0.96875,0.0,0.03125
VideoPlaceOrder,k3,1,610100,easy,success,1,185,siglip-so400m/visual-episodic-absthr,0.96875,0.0,0.03125
VideoPlaceOrder,k3,2,610203,medium,fail,0,174,siglip-so400m/visual-episodic-absthr,0.96875,0.0,0.03125
VideoPlaceOrder,k3,3,610300,hard,fail,0,178,siglip-so400m/visual-episodic-absthr,0.96875,0.0,0.03125
VideoPlaceOrder,k3,4,610402,easy,fail,0,194,siglip-so400m/visual-episodic-absthr,0.96875,0.0,0.03125
VideoPlaceOrder,k3,5,610500,easy,success,1,188,siglip-so400m/visual-episodic-absthr,0.96875,0.0,0.03125
VideoPlaceOrder,k3,6,610601,medium,fail,0,224,siglip-so400m/visual-episodic-absthr,0.96875,0.0,0.03125
VideoPlaceOrder,k3,7,610701,hard,success,1,175,siglip-so400m/visual-episodic-absthr,0.96875,0.0,0.03125
VideoPlaceOrder,k3,8,610801,easy,success,1,176,siglip-so400m/visual-episodic-absthr,0.96875,0.0,0.03125
VideoPlaceOrder,k3,9,610901,easy,success,1,176,siglip-so400m/visual-episodic-absthr,0.96875,0.0,0.03125
VideoPlaceOrder,k3,10,611000,medium,success,1,181,siglip-so400m/visual-episodic-absthr,0.96875,0.0,0.03125
VideoPlaceOrder,k3,11,611101,hard,ongoing,0,1300,siglip-so400m/visual-episodic-absthr,0.96875,0.0,0.03125
VideoPlaceOrder,k3,12,611201,easy,fail,0,196,siglip-so400m/visual-episodic-absthr,0.96875,0.0,0.03125
VideoPlaceOrder,k3,13,611301,easy,success,1,178,siglip-so400m/visual-episodic-absthr,0.96875,0.0,0.03125
VideoPlaceOrder,k3,14,611402,medium,fail,0,178,siglip-so400m/visual-episodic-absthr,0.9375,0.03125,0.03125
VideoPlaceOrder,k3,15,611501,hard,fail,0,180,siglip-so400m/visual-episodic-absthr,0.96875,0.0,0.03125
VideoPlaceOrder,k3,16,611601,easy,success,1,167,siglip-so400m/visual-episodic-absthr,0.96875,0.0,0.03125
VideoPlaceOrder,k3,17,611700,easy,fail,0,189,siglip-so400m/visual-episodic-absthr,0.96875,0.0,0.03125
VideoPlaceOrder,k3,18,611802,medium,fail,0,176,siglip-so400m/visual-episodic-absthr,0.96875,0.0,0.03125
VideoPlaceOrder,k3,19,611901,hard,fail,0,186,siglip-so400m/visual-episodic-absthr,0.96875,0.0,0.03125
VideoPlaceOrder,k3,20,612001,easy,success,1,178,siglip-so400m/visual-episodic-absthr,0.96875,0.0,0.03125
VideoPlaceOrder,k3,21,612100,easy,success,1,176,siglip-so400m/visual-episodic-absthr,0.96875,0.0,0.03125
VideoPlaceOrder,k3,22,612201,medium,fail,0,188,siglip-so400m/visual-episodic-absthr,0.9375,0.03125,0.03125
VideoPlaceOrder,k3,23,612304,hard,fail,0,189,siglip-so400m/visual-episodic-absthr,0.96875,0.0,0.03125
VideoPlaceOrder,k3,24,612400,easy,success,1,183,siglip-so400m/visual-episodic-absthr,0.96875,0.0,0.03125
VideoPlaceOrder,k3,25,612500,easy,fail,0,189,siglip-so400m/visual-episodic-absthr,0.96875,0.0,0.03125
VideoPlaceOrder,k3,26,612600,medium,fail,0,188,siglip-so400m/visual-episodic-absthr,0.96875,0.0,0.03125
VideoPlaceOrder,k3,27,612701,hard,fail,0,178,siglip-so400m/visual-episodic-absthr,0.96875,0.0,0.03125
VideoPlaceOrder,k3,28,612800,easy,success,1,220,siglip-so400m/visual-episodic-absthr,0.96875,0.0,0.03125
VideoPlaceOrder,k3,29,612900,easy,fail,0,175,siglip-so400m/visual-episodic-absthr,0.9375,0.03125,0.03125
VideoPlaceOrder,k3,30,613001,medium,success,1,178,siglip-so400m/visual-episodic-absthr,0.96875,0.0,0.03125
VideoPlaceOrder,k3,31,613100,hard,success,1,166,siglip-so400m/visual-episodic-absthr,0.96875,0.0,0.03125
VideoPlaceOrder,k3,32,613202,easy,fail,0,196,siglip-so400m/visual-episodic-absthr,0.96875,0.0,0.03125
VideoPlaceOrder,k3,33,613301,easy,fail,0,178,siglip-so400m/visual-episodic-absthr,0.96875,0.0,0.03125
VideoPlaceOrder,k3,34,613401,medium,success,1,178,siglip-so400m/visual-episodic-absthr,0.96875,0.0,0.03125
VideoPlaceOrder,k3,35,613500,hard,fail,0,172,siglip-so400m/visual-episodic-absthr,0.96875,0.0,0.03125
VideoPlaceOrder,k3,36,613601,easy,fail,0,196,siglip-so400m/visual-episodic-absthr,0.9375,0.03125,0.03125
VideoPlaceOrder,k3,37,613702,easy,fail,0,167,siglip-so400m/visual-episodic-absthr,0.9375,0.03125,0.03125
VideoPlaceOrder,k3,38,613800,medium,fail,0,178,siglip-so400m/visual-episodic-absthr,0.96875,0.0,0.03125
VideoPlaceOrder,k3,39,613900,hard,fail,0,178,siglip-so400m/visual-episodic-absthr,0.96875,0.0,0.03125
VideoPlaceOrder,k3,40,614000,easy,fail,0,178,siglip-so400m/visual-episodic-absthr,0.96875,0.0,0.03125
VideoPlaceOrder,k3,41,614100,easy,fail,0,188,siglip-so400m/visual-episodic-absthr,0.96875,0.0,0.03125
VideoPlaceOrder,k3,42,614200,medium,success,1,172,siglip-so400m/visual-episodic-absthr,0.96875,0.0,0.03125
VideoPlaceOrder,k3,43,614300,hard,success,1,178,siglip-so400m/visual-episodic-absthr,0.96875,0.0,0.03125
VideoPlaceOrder,k3,44,614401,easy,success,1,183,siglip-so400m/visual-episodic-absthr,0.96875,0.0,0.03125
VideoPlaceOrder,k3,45,614500,easy,fail,0,186,siglip-so400m/visual-episodic-absthr,0.96875,0.0,0.03125
VideoPlaceOrder,k3,46,614601,medium,fail,0,191,siglip-so400m/visual-episodic-absthr,0.96875,0.0,0.03125
VideoPlaceOrder,k3,47,614701,hard,success,1,175,siglip-so400m/visual-episodic-absthr,0.96875,0.0,0.03125
VideoPlaceOrder,k3,48,614801,easy,fail,0,179,siglip-so400m/visual-episodic-absthr,0.96875,0.0,0.03125
VideoPlaceOrder,k3,49,614900,easy,fail,0,174,siglip-so400m/visual-episodic-absthr,0.96875,0.0,0.03125
VideoPlaceOrder,k7,0,610002,easy,success,1,175,siglip-so400m/visual-episodic-absthr,0.96875,0.0,0.03125
VideoPlaceOrder,k7,1,610100,easy,success,1,183,siglip-so400m/visual-episodic-absthr,0.96875,0.0,0.03125
VideoPlaceOrder,k7,2,610203,medium,fail,0,174,siglip-so400m/visual-episodic-absthr,0.96875,0.0,0.03125
VideoPlaceOrder,k7,3,610300,hard,fail,0,178,siglip-so400m/visual-episodic-absthr,0.96875,0.0,0.03125
VideoPlaceOrder,k7,4,610402,easy,fail,0,192,siglip-so400m/visual-episodic-absthr,0.9375,0.03125,0.03125
VideoPlaceOrder,k7,5,610500,easy,success,1,187,siglip-so400m/visual-episodic-absthr,0.96875,0.0,0.03125
VideoPlaceOrder,k7,6,610601,medium,fail,0,186,siglip-so400m/visual-episodic-absthr,0.96875,0.0,0.03125
VideoPlaceOrder,k7,7,610701,hard,success,1,176,siglip-so400m/visual-episodic-absthr,0.96875,0.0,0.03125
VideoPlaceOrder,k7,8,610801,easy,success,1,176,siglip-so400m/visual-episodic-absthr,0.96875,0.0,0.03125
VideoPlaceOrder,k7,9,610901,easy,fail,0,212,siglip-so400m/visual-episodic-absthr,0.96875,0.0,0.03125
VideoPlaceOrder,k7,10,611000,medium,success,1,182,siglip-so400m/visual-episodic-absthr,0.96875,0.0,0.03125
VideoPlaceOrder,k7,11,611101,hard,ongoing,0,1300,siglip-so400m/visual-episodic-absthr,0.96875,0.0,0.03125
VideoPlaceOrder,k7,12,611201,easy,fail,0,196,siglip-so400m/visual-episodic-absthr,0.96875,0.0,0.03125
VideoPlaceOrder,k7,13,611301,easy,success,1,174,siglip-so400m/visual-episodic-absthr,0.9375,0.03125,0.03125
VideoPlaceOrder,k7,14,611402,medium,success,1,178,siglip-so400m/visual-episodic-absthr,0.96875,0.0,0.03125
VideoPlaceOrder,k7,15,611501,hard,fail,0,179,siglip-so400m/visual-episodic-absthr,0.96875,0.0,0.03125
VideoPlaceOrder,k7,16,611601,easy,success,1,166,siglip-so400m/visual-episodic-absthr,0.96875,0.0,0.03125
VideoPlaceOrder,k7,17,611700,easy,fail,0,188,siglip-so400m/visual-episodic-absthr,0.96875,0.0,0.03125
VideoPlaceOrder,k7,18,611802,medium,fail,0,188,siglip-so400m/visual-episodic-absthr,0.96875,0.0,0.03125
VideoPlaceOrder,k7,19,611901,hard,fail,0,178,siglip-so400m/visual-episodic-absthr,0.9375,0.03125,0.03125
VideoPlaceOrder,k7,20,612001,easy,success,1,178,siglip-so400m/visual-episodic-absthr,0.96875,0.0,0.03125
VideoPlaceOrder,k7,21,612100,easy,success,1,176,siglip-so400m/visual-episodic-absthr,0.96875,0.0,0.03125
VideoPlaceOrder,k7,22,612201,medium,success,1,178,siglip-so400m/visual-episodic-absthr,0.96875,0.0,0.03125
VideoPlaceOrder,k7,23,612304,hard,fail,0,179,siglip-so400m/visual-episodic-absthr,0.9375,0.03125,0.03125
VideoPlaceOrder,k7,24,612400,easy,success,1,178,siglip-so400m/visual-episodic-absthr,0.9375,0.03125,0.03125
VideoPlaceOrder,k7,25,612500,easy,fail,0,190,siglip-so400m/visual-episodic-absthr,0.96875,0.0,0.03125
VideoPlaceOrder,k7,26,612600,medium,fail,0,178,siglip-so400m/visual-episodic-absthr,0.96875,0.0,0.03125
VideoPlaceOrder,k7,27,612701,hard,success,1,207,siglip-so400m/visual-episodic-absthr,0.96875,0.0,0.03125
VideoPlaceOrder,k7,28,612800,easy,success,1,220,siglip-so400m/visual-episodic-absthr,0.96875,0.0,0.03125
VideoPlaceOrder,k7,29,612900,easy,fail,0,176,siglip-so400m/visual-episodic-absthr,0.96875,0.0,0.03125
VideoPlaceOrder,k7,30,613001,medium,success,1,178,siglip-so400m/visual-episodic-absthr,0.96875,0.0,0.03125
VideoPlaceOrder,k7,31,613100,hard,success,1,168,siglip-so400m/visual-episodic-absthr,0.9375,0.03125,0.03125
VideoPlaceOrder,k7,32,613202,easy,fail,0,194,siglip-so400m/visual-episodic-absthr,0.96875,0.0,0.03125
VideoPlaceOrder,k7,33,613301,easy,fail,0,175,siglip-so400m/visual-episodic-absthr,0.9375,0.03125,0.03125
VideoPlaceOrder,k7,34,613401,medium,success,1,178,siglip-so400m/visual-episodic-absthr,0.96875,0.0,0.03125
VideoPlaceOrder,k7,35,613500,hard,fail,0,178,siglip-so400m/visual-episodic-absthr,0.9375,0.03125,0.03125
VideoPlaceOrder,k7,36,613601,easy,success,1,192,siglip-so400m/visual-episodic-absthr,0.96875,0.0,0.03125
VideoPlaceOrder,k7,37,613702,easy,fail,0,175,siglip-so400m/visual-episodic-absthr,0.96875,0.0,0.03125
VideoPlaceOrder,k7,38,613800,medium,fail,0,183,siglip-so400m/visual-episodic-absthr,0.96875,0.0,0.03125
VideoPlaceOrder,k7,39,613900,hard,fail,0,178,siglip-so400m/visual-episodic-absthr,0.96875,0.0,0.03125
VideoPlaceOrder,k7,40,614000,easy,fail,0,175,siglip-so400m/visual-episodic-absthr,0.9375,0.03125,0.03125
VideoPlaceOrder,k7,41,614100,easy,fail,0,171,siglip-so400m/visual-episodic-absthr,0.90625,0.0625,0.03125
VideoPlaceOrder,k7,42,614200,medium,success,1,179,siglip-so400m/visual-episodic-absthr,0.96875,0.0,0.03125
VideoPlaceOrder,k7,43,614300,hard,success,1,178,siglip-so400m/visual-episodic-absthr,0.96875,0.0,0.03125
VideoPlaceOrder,k7,44,614401,easy,success,1,184,siglip-so400m/visual-episodic-absthr,0.9375,0.03125,0.03125
VideoPlaceOrder,k7,45,614500,easy,fail,0,185,siglip-so400m/visual-episodic-absthr,0.96875,0.0,0.03125
VideoPlaceOrder,k7,46,614601,medium,fail,0,186,siglip-so400m/visual-episodic-absthr,0.96875,0.0,0.03125
VideoPlaceOrder,k7,47,614701,hard,success,1,191,siglip-so400m/visual-episodic-absthr,0.96875,0.0,0.03125
VideoPlaceOrder,k7,48,614801,easy,fail,0,180,siglip-so400m/visual-episodic-absthr,0.96875,0.0,0.03125
VideoPlaceOrder,k7,49,614900,easy,fail,0,175,siglip-so400m/visual-episodic-absthr,0.96875,0.0,0.03125
VideoRepick,k0,0,590000,easy,success,1,531,siglip-so400m/visual-episodic-absthr,0.96875,0.0,0.03125
VideoRepick,k0,1,590100,easy,success,1,261,siglip-so400m/visual-episodic-absthr,0.96875,0.0,0.03125
VideoRepick,k0,2,590200,medium,fail,0,105,siglip-so400m/visual-episodic-absthr,0.96875,0.0,0.03125
VideoRepick,k0,3,590300,hard,fail,0,132,siglip-so400m/visual-episodic-absthr,0.96875,0.0,0.03125
VideoRepick,k0,4,590400,easy,fail,0,106,siglip-so400m/visual-episodic-absthr,0.96875,0.0,0.03125
VideoRepick,k0,5,590500,easy,success,1,484,siglip-so400m/visual-episodic-absthr,0.96875,0.0,0.03125
VideoRepick,k0,6,590600,medium,success,1,239,siglip-so400m/visual-episodic-absthr,0.96875,0.0,0.03125
VideoRepick,k0,7,590700,hard,fail,0,102,siglip-so400m/visual-episodic-absthr,0.96875,0.0,0.03125
VideoRepick,k0,8,590800,easy,fail,0,102,siglip-so400m/visual-episodic-absthr,0.96875,0.0,0.03125
VideoRepick,k0,9,590900,easy,fail,0,101,siglip-so400m/visual-episodic-absthr,0.96875,0.0,0.03125
VideoRepick,k0,10,591000,medium,fail,0,99,siglip-so400m/visual-episodic-absthr,0.96875,0.0,0.03125
VideoRepick,k0,11,591100,hard,fail,0,103,siglip-so400m/visual-episodic-absthr,0.96875,0.0,0.03125
VideoRepick,k0,12,591200,easy,fail,0,372,siglip-so400m/visual-episodic-absthr,0.96875,0.0,0.03125
VideoRepick,k0,13,591300,easy,success,1,231,siglip-so400m/visual-episodic-absthr,0.96875,0.0,0.03125
VideoRepick,k0,14,591400,medium,success,1,234,siglip-so400m/visual-episodic-absthr,0.96875,0.0,0.03125
VideoRepick,k0,15,591500,hard,fail,0,89,siglip-so400m/visual-episodic-absthr,0.96875,0.0,0.03125
VideoRepick,k0,16,591600,easy,success,1,485,siglip-so400m/visual-episodic-absthr,0.96875,0.0,0.03125
VideoRepick,k0,17,591700,easy,fail,0,87,siglip-so400m/visual-episodic-absthr,0.96875,0.0,0.03125
VideoRepick,k0,18,591800,medium,fail,0,103,siglip-so400m/visual-episodic-absthr,0.96875,0.0,0.03125
VideoRepick,k0,19,591900,hard,fail,0,175,siglip-so400m/visual-episodic-absthr,0.96875,0.0,0.03125
VideoRepick,k0,20,592000,easy,success,1,246,siglip-so400m/visual-episodic-absthr,0.96875,0.0,0.03125
VideoRepick,k0,21,592100,easy,success,1,228,siglip-so400m/visual-episodic-absthr,0.96875,0.0,0.03125
VideoRepick,k0,22,592200,medium,fail,0,221,siglip-so400m/visual-episodic-absthr,0.96875,0.0,0.03125
VideoRepick,k0,23,592300,hard,fail,0,101,siglip-so400m/visual-episodic-absthr,0.96875,0.0,0.03125
VideoRepick,k0,24,592400,easy,success,1,384,siglip-so400m/visual-episodic-absthr,0.96875,0.0,0.03125
VideoRepick,k0,25,592500,easy,success,1,360,siglip-so400m/visual-episodic-absthr,0.96875,0.0,0.03125
VideoRepick,k0,26,592600,medium,fail,0,101,siglip-so400m/visual-episodic-absthr,0.96875,0.0,0.03125
VideoRepick,k0,27,592700,hard,fail,0,92,siglip-so400m/visual-episodic-absthr,0.96875,0.0,0.03125
VideoRepick,k0,28,592800,easy,fail,0,104,siglip-so400m/visual-episodic-absthr,0.96875,0.0,0.03125
VideoRepick,k0,29,592900,easy,fail,0,102,siglip-so400m/visual-episodic-absthr,0.96875,0.0,0.03125
VideoRepick,k0,30,593000,medium,fail,0,103,siglip-so400m/visual-episodic-absthr,0.96875,0.0,0.03125
VideoRepick,k0,31,593100,hard,fail,0,96,siglip-so400m/visual-episodic-absthr,0.96875,0.0,0.03125
VideoRepick,k0,32,593200,easy,fail,0,97,siglip-so400m/visual-episodic-absthr,0.96875,0.0,0.03125
VideoRepick,k0,33,593300,easy,success,1,379,siglip-so400m/visual-episodic-absthr,0.96875,0.0,0.03125
VideoRepick,k0,34,593401,medium,success,1,363,siglip-so400m/visual-episodic-absthr,0.96875,0.0,0.03125
VideoRepick,k0,35,593500,hard,success,1,535,siglip-so400m/visual-episodic-absthr,0.96875,0.0,0.03125
VideoRepick,k0,36,593600,easy,fail,0,93,siglip-so400m/visual-episodic-absthr,0.96875,0.0,0.03125
VideoRepick,k0,37,593700,easy,fail,0,103,siglip-so400m/visual-episodic-absthr,0.96875,0.0,0.03125
VideoRepick,k0,38,593800,medium,fail,0,103,siglip-so400m/visual-episodic-absthr,0.96875,0.0,0.03125
VideoRepick,k0,39,593900,hard,fail,0,329,siglip-so400m/visual-episodic-absthr,0.96875,0.0,0.03125
VideoRepick,k0,40,594000,easy,fail,0,101,siglip-so400m/visual-episodic-absthr,0.96875,0.0,0.03125
VideoRepick,k0,41,594100,easy,fail,0,104,siglip-so400m/visual-episodic-absthr,0.96875,0.0,0.03125
VideoRepick,k0,42,594200,medium,fail,0,104,siglip-so400m/visual-episodic-absthr,0.96875,0.0,0.03125
VideoRepick,k0,43,594300,hard,fail,0,99,siglip-so400m/visual-episodic-absthr,0.96875,0.0,0.03125
VideoRepick,k0,44,594400,easy,success,1,232,siglip-so400m/visual-episodic-absthr,0.96875,0.0,0.03125
VideoRepick,k0,45,594500,easy,fail,0,104,siglip-so400m/visual-episodic-absthr,0.96875,0.0,0.03125
VideoRepick,k0,46,594600,medium,fail,0,94,siglip-so400m/visual-episodic-absthr,0.96875,0.0,0.03125
VideoRepick,k0,47,594700,hard,fail,0,99,siglip-so400m/visual-episodic-absthr,0.96875,0.0,0.03125
VideoRepick,k0,48,594800,easy,fail,0,103,siglip-so400m/visual-episodic-absthr,0.96875,0.0,0.03125
VideoRepick,k0,49,594900,easy,success,1,373,siglip-so400m/visual-episodic-absthr,0.96875,0.0,0.03125
VideoRepick,k1,0,590000,easy,success,1,517,siglip-so400m/visual-episodic-absthr,0.96875,0.0,0.03125
VideoRepick,k1,1,590100,easy,success,1,261,siglip-so400m/visual-episodic-absthr,0.96875,0.0,0.03125
VideoRepick,k1,2,590200,medium,fail,0,105,siglip-so400m/visual-episodic-absthr,0.96875,0.0,0.03125
VideoRepick,k1,3,590300,hard,fail,0,132,siglip-so400m/visual-episodic-absthr,0.84375,0.125,0.03125
VideoRepick,k1,4,590400,easy,fail,0,107,siglip-so400m/visual-episodic-absthr,0.96875,0.0,0.03125
VideoRepick,k1,5,590500,easy,success,1,484,siglip-so400m/visual-episodic-absthr,0.96875,0.0,0.03125
VideoRepick,k1,6,590600,medium,success,1,253,siglip-so400m/visual-episodic-absthr,0.96875,0.0,0.03125
VideoRepick,k1,7,590700,hard,fail,0,102,siglip-so400m/visual-episodic-absthr,0.96875,0.0,0.03125
VideoRepick,k1,8,590800,easy,fail,0,102,siglip-so400m/visual-episodic-absthr,0.96875,0.0,0.03125
VideoRepick,k1,9,590900,easy,fail,0,101,siglip-so400m/visual-episodic-absthr,0.96875,0.0,0.03125
VideoRepick,k1,10,591000,medium,fail,0,99,siglip-so400m/visual-episodic-absthr,0.96875,0.0,0.03125
VideoRepick,k1,11,591100,hard,fail,0,103,siglip-so400m/visual-episodic-absthr,0.96875,0.0,0.03125
VideoRepick,k1,12,591200,easy,fail,0,372,siglip-so400m/visual-episodic-absthr,0.96875,0.0,0.03125
VideoRepick,k1,13,591300,easy,success,1,231,siglip-so400m/visual-episodic-absthr,0.96875,0.0,0.03125
VideoRepick,k1,14,591400,medium,success,1,234,siglip-so400m/visual-episodic-absthr,0.96875,0.0,0.03125
VideoRepick,k1,15,591500,hard,fail,0,180,siglip-so400m/visual-episodic-absthr,0.84375,0.125,0.03125
VideoRepick,k1,16,591600,easy,success,1,490,siglip-so400m/visual-episodic-absthr,0.96875,0.0,0.03125
VideoRepick,k1,17,591700,easy,fail,0,86,siglip-so400m/visual-episodic-absthr,0.96875,0.0,0.03125
VideoRepick,k1,18,591800,medium,fail,0,104,siglip-so400m/visual-episodic-absthr,0.96875,0.0,0.03125
VideoRepick,k1,19,591900,hard,fail,0,175,siglip-so400m/visual-episodic-absthr,0.96875,0.0,0.03125
VideoRepick,k1,20,592000,easy,success,1,244,siglip-so400m/visual-episodic-absthr,0.96875,0.0,0.03125
VideoRepick,k1,21,592100,easy,success,1,229,siglip-so400m/visual-episodic-absthr,0.96875,0.0,0.03125
VideoRepick,k1,22,592200,medium,fail,0,220,siglip-so400m/visual-episodic-absthr,0.96875,0.0,0.03125
VideoRepick,k1,23,592300,hard,fail,0,101,siglip-so400m/visual-episodic-absthr,0.96875,0.0,0.03125
VideoRepick,k1,24,592400,easy,success,1,384,siglip-so400m/visual-episodic-absthr,0.96875,0.0,0.03125
VideoRepick,k1,25,592500,easy,fail,0,99,siglip-so400m/visual-episodic-absthr,0.96875,0.0,0.03125
VideoRepick,k1,26,592600,medium,fail,0,101,siglip-so400m/visual-episodic-absthr,0.96875,0.0,0.03125
VideoRepick,k1,27,592700,hard,fail,0,180,siglip-so400m/visual-episodic-absthr,0.96875,0.0,0.03125
VideoRepick,k1,28,592800,easy,fail,0,103,siglip-so400m/visual-episodic-absthr,0.96875,0.0,0.03125
VideoRepick,k1,29,592900,easy,fail,0,101,siglip-so400m/visual-episodic-absthr,0.96875,0.0,0.03125
VideoRepick,k1,30,593000,medium,fail,0,103,siglip-so400m/visual-episodic-absthr,0.96875,0.0,0.03125
VideoRepick,k1,31,593100,hard,fail,0,92,siglip-so400m/visual-episodic-absthr,0.96875,0.0,0.03125
VideoRepick,k1,32,593200,easy,fail,0,97,siglip-so400m/visual-episodic-absthr,0.96875,0.0,0.03125
VideoRepick,k1,33,593300,easy,success,1,379,siglip-so400m/visual-episodic-absthr,0.96875,0.0,0.03125
VideoRepick,k1,34,593401,medium,success,1,367,siglip-so400m/visual-episodic-absthr,0.96875,0.0,0.03125
VideoRepick,k1,35,593500,hard,success,1,537,siglip-so400m/visual-episodic-absthr,0.96875,0.0,0.03125
VideoRepick,k1,36,593600,easy,fail,0,184,siglip-so400m/visual-episodic-absthr,0.96875,0.0,0.03125
VideoRepick,k1,37,593700,easy,fail,0,102,siglip-so400m/visual-episodic-absthr,0.96875,0.0,0.03125
VideoRepick,k1,38,593800,medium,fail,0,104,siglip-so400m/visual-episodic-absthr,0.96875,0.0,0.03125
VideoRepick,k1,39,593900,hard,fail,0,174,siglip-so400m/visual-episodic-absthr,0.96875,0.0,0.03125
VideoRepick,k1,40,594000,easy,fail,0,101,siglip-so400m/visual-episodic-absthr,0.96875,0.0,0.03125
VideoRepick,k1,41,594100,easy,fail,0,103,siglip-so400m/visual-episodic-absthr,0.96875,0.0,0.03125
VideoRepick,k1,42,594200,medium,fail,0,104,siglip-so400m/visual-episodic-absthr,0.96875,0.0,0.03125
VideoRepick,k1,43,594300,hard,fail,0,99,siglip-so400m/visual-episodic-absthr,0.96875,0.0,0.03125
VideoRepick,k1,44,594400,easy,success,1,231,siglip-so400m/visual-episodic-absthr,0.96875,0.0,0.03125
VideoRepick,k1,45,594500,easy,fail,0,105,siglip-so400m/visual-episodic-absthr,0.96875,0.0,0.03125
VideoRepick,k1,46,594600,medium,fail,0,94,siglip-so400m/visual-episodic-absthr,0.96875,0.0,0.03125
VideoRepick,k1,47,594700,hard,fail,0,99,siglip-so400m/visual-episodic-absthr,0.96875,0.0,0.03125
VideoRepick,k1,48,594800,easy,fail,0,103,siglip-so400m/visual-episodic-absthr,0.96875,0.0,0.03125
VideoRepick,k1,49,594900,easy,success,1,373,siglip-so400m/visual-episodic-absthr,0.96875,0.0,0.03125
VideoRepick,k3,0,590000,easy,success,1,524,siglip-so400m/visual-episodic-absthr,0.96875,0.0,0.03125
VideoRepick,k3,1,590100,easy,success,1,261,siglip-so400m/visual-episodic-absthr,0.96875,0.0,0.03125
VideoRepick,k3,2,590200,medium,fail,0,105,siglip-so400m/visual-episodic-absthr,0.96875,0.0,0.03125
VideoRepick,k3,3,590300,hard,fail,0,132,siglip-so400m/visual-episodic-absthr,0.96875,0.0,0.03125
VideoRepick,k3,4,590400,easy,fail,0,107,siglip-so400m/visual-episodic-absthr,0.96875,0.0,0.03125
VideoRepick,k3,5,590500,easy,success,1,484,siglip-so400m/visual-episodic-absthr,0.96875,0.0,0.03125
VideoRepick,k3,6,590600,medium,success,1,255,siglip-so400m/visual-episodic-absthr,0.96875,0.0,0.03125
VideoRepick,k3,7,590700,hard,fail,0,103,siglip-so400m/visual-episodic-absthr,0.96875,0.0,0.03125
VideoRepick,k3,8,590800,easy,fail,0,101,siglip-so400m/visual-episodic-absthr,0.96875,0.0,0.03125
VideoRepick,k3,9,590900,easy,fail,0,101,siglip-so400m/visual-episodic-absthr,0.96875,0.0,0.03125
VideoRepick,k3,10,591000,medium,fail,0,102,siglip-so400m/visual-episodic-absthr,0.96875,0.0,0.03125
VideoRepick,k3,11,591100,hard,fail,0,102,siglip-so400m/visual-episodic-absthr,0.96875,0.0,0.03125
VideoRepick,k3,12,591200,easy,success,1,504,siglip-so400m/visual-episodic-absthr,0.96875,0.0,0.03125
VideoRepick,k3,13,591300,easy,success,1,235,siglip-so400m/visual-episodic-absthr,0.96875,0.0,0.03125
VideoRepick,k3,14,591400,medium,success,1,234,siglip-so400m/visual-episodic-absthr,0.96875,0.0,0.03125
VideoRepick,k3,15,591500,hard,fail,0,88,siglip-so400m/visual-episodic-absthr,0.96875,0.0,0.03125
VideoRepick,k3,16,591600,easy,success,1,490,siglip-so400m/visual-episodic-absthr,0.96875,0.0,0.03125
VideoRepick,k3,17,591700,easy,fail,0,90,siglip-so400m/visual-episodic-absthr,0.96875,0.0,0.03125
VideoRepick,k3,18,591800,medium,fail,0,103,siglip-so400m/visual-episodic-absthr,0.96875,0.0,0.03125
VideoRepick,k3,19,591900,hard,fail,0,175,siglip-so400m/visual-episodic-absthr,0.96875,0.0,0.03125
VideoRepick,k3,20,592000,easy,success,1,247,siglip-so400m/visual-episodic-absthr,0.96875,0.0,0.03125
VideoRepick,k3,21,592100,easy,success,1,228,siglip-so400m/visual-episodic-absthr,0.96875,0.0,0.03125
VideoRepick,k3,22,592200,medium,fail,0,235,siglip-so400m/visual-episodic-absthr,0.96875,0.0,0.03125
VideoRepick,k3,23,592300,hard,fail,0,101,siglip-so400m/visual-episodic-absthr,0.96875,0.0,0.03125
VideoRepick,k3,24,592400,easy,success,1,384,siglip-so400m/visual-episodic-absthr,0.96875,0.0,0.03125
VideoRepick,k3,25,592500,easy,fail,0,99,siglip-so400m/visual-episodic-absthr,0.96875,0.0,0.03125
VideoRepick,k3,26,592600,medium,fail,0,101,siglip-so400m/visual-episodic-absthr,0.96875,0.0,0.03125
VideoRepick,k3,27,592700,hard,fail,0,93,siglip-so400m/visual-episodic-absthr,0.84375,0.125,0.03125
VideoRepick,k3,28,592800,easy,fail,0,103,siglip-so400m/visual-episodic-absthr,0.96875,0.0,0.03125
VideoRepick,k3,29,592900,easy,fail,0,101,siglip-so400m/visual-episodic-absthr,0.96875,0.0,0.03125
VideoRepick,k3,30,593000,medium,fail,0,103,siglip-so400m/visual-episodic-absthr,0.96875,0.0,0.03125
VideoRepick,k3,31,593100,hard,fail,0,92,siglip-so400m/visual-episodic-absthr,0.96875,0.0,0.03125
VideoRepick,k3,32,593200,easy,fail,0,97,siglip-so400m/visual-episodic-absthr,0.96875,0.0,0.03125
VideoRepick,k3,33,593300,easy,success,1,379,siglip-so400m/visual-episodic-absthr,0.96875,0.0,0.03125
VideoRepick,k3,34,593401,medium,success,1,363,siglip-so400m/visual-episodic-absthr,0.96875,0.0,0.03125
VideoRepick,k3,35,593500,hard,success,1,536,siglip-so400m/visual-episodic-absthr,0.96875,0.0,0.03125
VideoRepick,k3,36,593600,easy,fail,0,94,siglip-so400m/visual-episodic-absthr,0.96875,0.0,0.03125
VideoRepick,k3,37,593700,easy,fail,0,103,siglip-so400m/visual-episodic-absthr,0.96875,0.0,0.03125
VideoRepick,k3,38,593800,medium,fail,0,104,siglip-so400m/visual-episodic-absthr,0.96875,0.0,0.03125
VideoRepick,k3,39,593900,hard,success,1,356,siglip-so400m/visual-episodic-absthr,0.84375,0.125,0.03125
VideoRepick,k3,40,594000,easy,fail,0,101,siglip-so400m/visual-episodic-absthr,0.96875,0.0,0.03125
VideoRepick,k3,41,594100,easy,fail,0,102,siglip-so400m/visual-episodic-absthr,0.96875,0.0,0.03125
VideoRepick,k3,42,594200,medium,fail,0,171,siglip-so400m/visual-episodic-absthr,0.96875,0.0,0.03125
VideoRepick,k3,43,594300,hard,fail,0,99,siglip-so400m/visual-episodic-absthr,0.96875,0.0,0.03125
VideoRepick,k3,44,594400,easy,success,1,235,siglip-so400m/visual-episodic-absthr,0.96875,0.0,0.03125
VideoRepick,k3,45,594500,easy,fail,0,104,siglip-so400m/visual-episodic-absthr,0.96875,0.0,0.03125
VideoRepick,k3,46,594600,medium,fail,0,94,siglip-so400m/visual-episodic-absthr,0.96875,0.0,0.03125
VideoRepick,k3,47,594700,hard,fail,0,99,siglip-so400m/visual-episodic-absthr,0.96875,0.0,0.03125
VideoRepick,k3,48,594800,easy,fail,0,103,siglip-so400m/visual-episodic-absthr,0.96875,0.0,0.03125
VideoRepick,k3,49,594900,easy,success,1,373,siglip-so400m/visual-episodic-absthr,0.96875,0.0,0.03125
VideoRepick,k7,0,590000,easy,success,1,523,siglip-so400m/visual-episodic-absthr,0.96875,0.0,0.03125
VideoRepick,k7,1,590100,easy,success,1,258,siglip-so400m/visual-episodic-absthr,0.96875,0.0,0.03125
VideoRepick,k7,2,590200,medium,fail,0,104,siglip-so400m/visual-episodic-absthr,0.96875,0.0,0.03125
VideoRepick,k7,3,590300,hard,fail,0,128,siglip-so400m/visual-episodic-absthr,0.96875,0.0,0.03125
VideoRepick,k7,4,590400,easy,fail,0,107,siglip-so400m/visual-episodic-absthr,0.96875,0.0,0.03125
VideoRepick,k7,5,590500,easy,success,1,484,siglip-so400m/visual-episodic-absthr,0.96875,0.0,0.03125
VideoRepick,k7,6,590600,medium,success,1,254,siglip-so400m/visual-episodic-absthr,0.96875,0.0,0.03125
VideoRepick,k7,7,590700,hard,fail,0,102,siglip-so400m/visual-episodic-absthr,0.96875,0.0,0.03125
VideoRepick,k7,8,590800,easy,fail,0,102,siglip-so400m/visual-episodic-absthr,0.96875,0.0,0.03125
VideoRepick,k7,9,590900,easy,fail,0,96,siglip-so400m/visual-episodic-absthr,0.96875,0.0,0.03125
VideoRepick,k7,10,591000,medium,fail,0,99,siglip-so400m/visual-episodic-absthr,0.96875,0.0,0.03125
VideoRepick,k7,11,591100,hard,fail,0,103,siglip-so400m/visual-episodic-absthr,0.96875,0.0,0.03125
VideoRepick,k7,12,591200,easy,fail,0,367,siglip-so400m/visual-episodic-absthr,0.96875,0.0,0.03125
VideoRepick,k7,13,591300,easy,success,1,229,siglip-so400m/visual-episodic-absthr,0.96875,0.0,0.03125
VideoRepick,k7,14,591400,medium,success,1,234,siglip-so400m/visual-episodic-absthr,0.96875,0.0,0.03125
VideoRepick,k7,15,591500,hard,fail,0,88,siglip-so400m/visual-episodic-absthr,0.96875,0.0,0.03125
VideoRepick,k7,16,591600,easy,success,1,491,siglip-so400m/visual-episodic-absthr,0.96875,0.0,0.03125
VideoRepick,k7,17,591700,easy,fail,0,83,siglip-so400m/visual-episodic-absthr,0.96875,0.0,0.03125
VideoRepick,k7,18,591800,medium,fail,0,103,siglip-so400m/visual-episodic-absthr,0.96875,0.0,0.03125
VideoRepick,k7,19,591900,hard,fail,0,103,siglip-so400m/visual-episodic-absthr,0.96875,0.0,0.03125
VideoRepick,k7,20,592000,easy,success,1,244,siglip-so400m/visual-episodic-absthr,0.96875,0.0,0.03125
VideoRepick,k7,21,592100,easy,success,1,228,siglip-so400m/visual-episodic-absthr,0.96875,0.0,0.03125
VideoRepick,k7,22,592200,medium,fail,0,221,siglip-so400m/visual-episodic-absthr,0.96875,0.0,0.03125
VideoRepick,k7,23,592300,hard,fail,0,101,siglip-so400m/visual-episodic-absthr,0.96875,0.0,0.03125
VideoRepick,k7,24,592400,easy,success,1,384,siglip-so400m/visual-episodic-absthr,0.96875,0.0,0.03125
VideoRepick,k7,25,592500,easy,success,1,360,siglip-so400m/visual-episodic-absthr,0.96875,0.0,0.03125
VideoRepick,k7,26,592600,medium,fail,0,101,siglip-so400m/visual-episodic-absthr,0.96875,0.0,0.03125
VideoRepick,k7,27,592700,hard,fail,0,183,siglip-so400m/visual-episodic-absthr,0.96875,0.0,0.03125
VideoRepick,k7,28,592800,easy,fail,0,103,siglip-so400m/visual-episodic-absthr,0.96875,0.0,0.03125
VideoRepick,k7,29,592900,easy,fail,0,101,siglip-so400m/visual-episodic-absthr,0.96875,0.0,0.03125
VideoRepick,k7,30,593000,medium,fail,0,103,siglip-so400m/visual-episodic-absthr,0.96875,0.0,0.03125
VideoRepick,k7,31,593100,hard,fail,0,101,siglip-so400m/visual-episodic-absthr,0.96875,0.0,0.03125
VideoRepick,k7,32,593200,easy,fail,0,97,siglip-so400m/visual-episodic-absthr,0.96875,0.0,0.03125
VideoRepick,k7,33,593300,easy,success,1,379,siglip-so400m/visual-episodic-absthr,0.96875,0.0,0.03125
VideoRepick,k7,34,593401,medium,success,1,363,siglip-so400m/visual-episodic-absthr,0.96875,0.0,0.03125
VideoRepick,k7,35,593500,hard,fail,0,96,siglip-so400m/visual-episodic-absthr,0.71875,0.25,0.03125
VideoRepick,k7,36,593600,easy,fail,0,93,siglip-so400m/visual-episodic-absthr,0.96875,0.0,0.03125
VideoRepick,k7,37,593700,easy,fail,0,103,siglip-so400m/visual-episodic-absthr,0.96875,0.0,0.03125
VideoRepick,k7,38,593800,medium,fail,0,103,siglip-so400m/visual-episodic-absthr,0.96875,0.0,0.03125
VideoRepick,k7,39,593900,hard,fail,0,329,siglip-so400m/visual-episodic-absthr,0.96875,0.0,0.03125
VideoRepick,k7,40,594000,easy,fail,0,101,siglip-so400m/visual-episodic-absthr,0.96875,0.0,0.03125
VideoRepick,k7,41,594100,easy,fail,0,103,siglip-so400m/visual-episodic-absthr,0.96875,0.0,0.03125
VideoRepick,k7,42,594200,medium,fail,0,104,siglip-so400m/visual-episodic-absthr,0.96875,0.0,0.03125
VideoRepick,k7,43,594300,hard,fail,0,99,siglip-so400m/visual-episodic-absthr,0.96875,0.0,0.03125
VideoRepick,k7,44,594400,easy,success,1,231,siglip-so400m/visual-episodic-absthr,0.96875,0.0,0.03125
VideoRepick,k7,45,594500,easy,fail,0,105,siglip-so400m/visual-episodic-absthr,0.96875,0.0,0.03125
VideoRepick,k7,46,594600,medium,fail,0,93,siglip-so400m/visual-episodic-absthr,0.96875,0.0,0.03125
VideoRepick,k7,47,594700,hard,fail,0,97,siglip-so400m/visual-episodic-absthr,0.96875,0.0,0.03125
VideoRepick,k7,48,594800,easy,fail,0,103,siglip-so400m/visual-episodic-absthr,0.96875,0.0,0.03125
VideoRepick,k7,49,594900,easy,success,1,373,siglip-so400m/visual-episodic-absthr,0.96875,0.0,0.03125
VideoUnmask,k0,0,560000,easy,success,1,99,siglip-so400m/visual-episodic-absthr,0.96875,0.0,0.03125
VideoUnmask,k0,1,560100,easy,fail,0,100,siglip-so400m/visual-episodic-absthr,0.96875,0.0,0.03125
VideoUnmask,k0,2,560200,medium,fail,0,91,siglip-so400m/visual-episodic-absthr,0.96875,0.0,0.03125
VideoUnmask,k0,3,560300,hard,fail,0,94,siglip-so400m/visual-episodic-absthr,0.96875,0.0,0.03125
VideoUnmask,k0,4,560400,easy,success,1,109,siglip-so400m/visual-episodic-absthr,0.96875,0.0,0.03125
VideoUnmask,k0,5,560500,easy,success,1,105,siglip-so400m/visual-episodic-absthr,0.96875,0.0,0.03125
VideoUnmask,k0,6,560600,medium,fail,0,302,siglip-so400m/visual-episodic-absthr,0.96875,0.0,0.03125
VideoUnmask,k0,7,560700,hard,fail,0,91,siglip-so400m/visual-episodic-absthr,0.96875,0.0,0.03125
VideoUnmask,k0,8,560800,easy,fail,0,203,siglip-so400m/visual-episodic-absthr,0.96875,0.0,0.03125
VideoUnmask,k0,9,560900,easy,success,1,102,siglip-so400m/visual-episodic-absthr,0.96875,0.0,0.03125
VideoUnmask,k0,10,561000,medium,fail,0,106,siglip-so400m/visual-episodic-absthr,0.96875,0.0,0.03125
VideoUnmask,k0,11,561100,hard,fail,0,104,siglip-so400m/visual-episodic-absthr,0.96875,0.0,0.03125
VideoUnmask,k0,12,561200,easy,fail,0,92,siglip-so400m/visual-episodic-absthr,0.96875,0.0,0.03125
VideoUnmask,k0,13,561300,easy,fail,0,95,siglip-so400m/visual-episodic-absthr,0.96875,0.0,0.03125
VideoUnmask,k0,14,561400,medium,fail,0,91,siglip-so400m/visual-episodic-absthr,0.96875,0.0,0.03125
VideoUnmask,k0,15,561500,hard,success,1,253,siglip-so400m/visual-episodic-absthr,0.96875,0.0,0.03125
VideoUnmask,k0,16,561600,easy,success,1,91,siglip-so400m/visual-episodic-absthr,0.96875,0.0,0.03125
VideoUnmask,k0,17,561700,easy,fail,0,93,siglip-so400m/visual-episodic-absthr,0.96875,0.0,0.03125
VideoUnmask,k0,18,561800,medium,fail,0,95,siglip-so400m/visual-episodic-absthr,0.96875,0.0,0.03125
VideoUnmask,k0,19,561900,hard,success,1,246,siglip-so400m/visual-episodic-absthr,0.96875,0.0,0.03125
VideoUnmask,k0,20,562000,easy,success,1,104,siglip-so400m/visual-episodic-absthr,0.96875,0.0,0.03125
VideoUnmask,k0,21,562100,easy,success,1,93,siglip-so400m/visual-episodic-absthr,0.96875,0.0,0.03125
VideoUnmask,k0,22,562200,medium,success,1,93,siglip-so400m/visual-episodic-absthr,0.96875,0.0,0.03125
VideoUnmask,k0,23,562300,hard,success,1,269,siglip-so400m/visual-episodic-absthr,0.96875,0.0,0.03125
VideoUnmask,k0,24,562400,easy,fail,0,89,siglip-so400m/visual-episodic-absthr,0.96875,0.0,0.03125
VideoUnmask,k0,25,562500,easy,fail,0,107,siglip-so400m/visual-episodic-absthr,0.96875,0.0,0.03125
VideoUnmask,k0,26,562600,medium,fail,0,87,siglip-so400m/visual-episodic-absthr,0.96875,0.0,0.03125
VideoUnmask,k0,27,562700,hard,fail,0,90,siglip-so400m/visual-episodic-absthr,0.96875,0.0,0.03125
VideoUnmask,k0,28,562800,easy,fail,0,104,siglip-so400m/visual-episodic-absthr,0.96875,0.0,0.03125
VideoUnmask,k0,29,562900,easy,success,1,102,siglip-so400m/visual-episodic-absthr,0.96875,0.0,0.03125
VideoUnmask,k0,30,563000,medium,success,1,91,siglip-so400m/visual-episodic-absthr,0.96875,0.0,0.03125
VideoUnmask,k0,31,563100,hard,fail,0,163,siglip-so400m/visual-episodic-absthr,0.96875,0.0,0.03125
VideoUnmask,k0,32,563200,easy,success,1,114,siglip-so400m/visual-episodic-absthr,0.96875,0.0,0.03125
VideoUnmask,k0,33,563300,easy,fail,0,104,siglip-so400m/visual-episodic-absthr,0.96875,0.0,0.03125
VideoUnmask,k0,34,563400,medium,fail,0,106,siglip-so400m/visual-episodic-absthr,0.96875,0.0,0.03125
VideoUnmask,k0,35,563500,hard,fail,0,106,siglip-so400m/visual-episodic-absthr,0.96875,0.0,0.03125
VideoUnmask,k0,36,563600,easy,success,1,116,siglip-so400m/visual-episodic-absthr,0.96875,0.0,0.03125
VideoUnmask,k0,37,563700,easy,fail,0,92,siglip-so400m/visual-episodic-absthr,0.96875,0.0,0.03125
VideoUnmask,k0,38,563800,medium,fail,0,93,siglip-so400m/visual-episodic-absthr,0.96875,0.0,0.03125
VideoUnmask,k0,39,563900,hard,fail,0,107,siglip-so400m/visual-episodic-absthr,0.96875,0.0,0.03125
VideoUnmask,k0,40,564000,easy,success,1,91,siglip-so400m/visual-episodic-absthr,0.96875,0.0,0.03125
VideoUnmask,k0,41,564100,easy,success,1,93,siglip-so400m/visual-episodic-absthr,0.96875,0.0,0.03125
VideoUnmask,k0,42,564200,medium,fail,0,91,siglip-so400m/visual-episodic-absthr,0.96875,0.0,0.03125
VideoUnmask,k0,43,564300,hard,fail,0,104,siglip-so400m/visual-episodic-absthr,0.96875,0.0,0.03125
VideoUnmask,k0,44,564400,easy,fail,0,160,siglip-so400m/visual-episodic-absthr,0.96875,0.0,0.03125
VideoUnmask,k0,45,564500,easy,success,1,91,siglip-so400m/visual-episodic-absthr,0.96875,0.0,0.03125
VideoUnmask,k0,46,564600,medium,success,1,106,siglip-so400m/visual-episodic-absthr,0.96875,0.0,0.03125
VideoUnmask,k0,47,564700,hard,fail,0,270,siglip-so400m/visual-episodic-absthr,0.96875,0.0,0.03125
VideoUnmask,k0,48,564800,easy,fail,0,108,siglip-so400m/visual-episodic-absthr,0.96875,0.0,0.03125
VideoUnmask,k0,49,564900,easy,fail,0,91,siglip-so400m/visual-episodic-absthr,0.96875,0.0,0.03125
VideoUnmask,k1,0,560000,easy,success,1,99,siglip-so400m/visual-episodic-absthr,0.96875,0.0,0.03125
VideoUnmask,k1,1,560100,easy,fail,0,105,siglip-so400m/visual-episodic-absthr,0.96875,0.0,0.03125
VideoUnmask,k1,2,560200,medium,fail,0,90,siglip-so400m/visual-episodic-absthr,0.96875,0.0,0.03125
VideoUnmask,k1,3,560300,hard,fail,0,94,siglip-so400m/visual-episodic-absthr,0.96875,0.0,0.03125
VideoUnmask,k1,4,560400,easy,success,1,111,siglip-so400m/visual-episodic-absthr,0.96875,0.0,0.03125
VideoUnmask,k1,5,560500,easy,success,1,103,siglip-so400m/visual-episodic-absthr,0.96875,0.0,0.03125
VideoUnmask,k1,6,560600,medium,fail,0,292,siglip-so400m/visual-episodic-absthr,0.96875,0.0,0.03125
VideoUnmask,k1,7,560700,hard,fail,0,91,siglip-so400m/visual-episodic-absthr,0.96875,0.0,0.03125
VideoUnmask,k1,8,560800,easy,fail,0,411,siglip-so400m/visual-episodic-absthr,0.96875,0.0,0.03125
VideoUnmask,k1,9,560900,easy,success,1,100,siglip-so400m/visual-episodic-absthr,0.96875,0.0,0.03125
VideoUnmask,k1,10,561000,medium,fail,0,109,siglip-so400m/visual-episodic-absthr,0.96875,0.0,0.03125
VideoUnmask,k1,11,561100,hard,fail,0,104,siglip-so400m/visual-episodic-absthr,0.96875,0.0,0.03125
VideoUnmask,k1,12,561200,easy,fail,0,91,siglip-so400m/visual-episodic-absthr,0.96875,0.0,0.03125
VideoUnmask,k1,13,561300,easy,fail,0,95,siglip-so400m/visual-episodic-absthr,0.96875,0.0,0.03125
VideoUnmask,k1,14,561400,medium,fail,0,91,siglip-so400m/visual-episodic-absthr,0.96875,0.0,0.03125
VideoUnmask,k1,15,561500,hard,success,1,252,siglip-so400m/visual-episodic-absthr,0.96875,0.0,0.03125
VideoUnmask,k1,16,561600,easy,success,1,92,siglip-so400m/visual-episodic-absthr,0.96875,0.0,0.03125
VideoUnmask,k1,17,561700,easy,fail,0,103,siglip-so400m/visual-episodic-absthr,0.5,0.46875,0.03125
VideoUnmask,k1,18,561800,medium,fail,0,96,siglip-so400m/visual-episodic-absthr,0.96875,0.0,0.03125
VideoUnmask,k1,19,561900,hard,success,1,246,siglip-so400m/visual-episodic-absthr,0.96875,0.0,0.03125
VideoUnmask,k1,20,562000,easy,success,1,105,siglip-so400m/visual-episodic-absthr,0.96875,0.0,0.03125
VideoUnmask,k1,21,562100,easy,success,1,94,siglip-so400m/visual-episodic-absthr,0.96875,0.0,0.03125
VideoUnmask,k1,22,562200,medium,success,1,93,siglip-so400m/visual-episodic-absthr,0.96875,0.0,0.03125
VideoUnmask,k1,23,562300,hard,fail,0,325,siglip-so400m/visual-episodic-absthr,0.96875,0.0,0.03125
VideoUnmask,k1,24,562400,easy,fail,0,87,siglip-so400m/visual-episodic-absthr,0.96875,0.0,0.03125
VideoUnmask,k1,25,562500,easy,fail,0,105,siglip-so400m/visual-episodic-absthr,0.96875,0.0,0.03125
VideoUnmask,k1,26,562600,medium,fail,0,97,siglip-so400m/visual-episodic-absthr,0.5,0.46875,0.03125
VideoUnmask,k1,27,562700,hard,fail,0,88,siglip-so400m/visual-episodic-absthr,0.96875,0.0,0.03125
VideoUnmask,k1,28,562800,easy,fail,0,104,siglip-so400m/visual-episodic-absthr,0.96875,0.0,0.03125
VideoUnmask,k1,29,562900,easy,success,1,101,siglip-so400m/visual-episodic-absthr,0.96875,0.0,0.03125
VideoUnmask,k1,30,563000,medium,success,1,96,siglip-so400m/visual-episodic-absthr,0.5,0.46875,0.03125
VideoUnmask,k1,31,563100,hard,fail,0,91,siglip-so400m/visual-episodic-absthr,0.96875,0.0,0.03125
VideoUnmask,k1,32,563200,easy,success,1,116,siglip-so400m/visual-episodic-absthr,0.96875,0.0,0.03125
VideoUnmask,k1,33,563300,easy,fail,0,103,siglip-so400m/visual-episodic-absthr,0.96875,0.0,0.03125
VideoUnmask,k1,34,563400,medium,fail,0,105,siglip-so400m/visual-episodic-absthr,0.96875,0.0,0.03125
VideoUnmask,k1,35,563500,hard,fail,0,108,siglip-so400m/visual-episodic-absthr,0.96875,0.0,0.03125
VideoUnmask,k1,36,563600,easy,fail,0,114,siglip-so400m/visual-episodic-absthr,0.96875,0.0,0.03125
VideoUnmask,k1,37,563700,easy,fail,0,92,siglip-so400m/visual-episodic-absthr,0.96875,0.0,0.03125
VideoUnmask,k1,38,563800,medium,fail,0,92,siglip-so400m/visual-episodic-absthr,0.96875,0.0,0.03125
VideoUnmask,k1,39,563900,hard,fail,0,107,siglip-so400m/visual-episodic-absthr,0.96875,0.0,0.03125
VideoUnmask,k1,40,564000,easy,success,1,92,siglip-so400m/visual-episodic-absthr,0.96875,0.0,0.03125
VideoUnmask,k1,41,564100,easy,success,1,93,siglip-so400m/visual-episodic-absthr,0.96875,0.0,0.03125
VideoUnmask,k1,42,564200,medium,fail,0,91,siglip-so400m/visual-episodic-absthr,0.96875,0.0,0.03125
VideoUnmask,k1,43,564300,hard,fail,0,104,siglip-so400m/visual-episodic-absthr,0.96875,0.0,0.03125
VideoUnmask,k1,44,564400,easy,fail,0,97,siglip-so400m/visual-episodic-absthr,0.5,0.46875,0.03125
VideoUnmask,k1,45,564500,easy,success,1,97,siglip-so400m/visual-episodic-absthr,0.5,0.46875,0.03125
VideoUnmask,k1,46,564600,medium,success,1,105,siglip-so400m/visual-episodic-absthr,0.96875,0.0,0.03125
VideoUnmask,k1,47,564700,hard,fail,0,264,siglip-so400m/visual-episodic-absthr,0.96875,0.0,0.03125
VideoUnmask,k1,48,564800,easy,fail,0,108,siglip-so400m/visual-episodic-absthr,0.96875,0.0,0.03125
VideoUnmask,k1,49,564900,easy,fail,0,95,siglip-so400m/visual-episodic-absthr,0.5,0.46875,0.03125
VideoUnmask,k3,0,560000,easy,success,1,99,siglip-so400m/visual-episodic-absthr,0.96875,0.0,0.03125
VideoUnmask,k3,1,560100,easy,fail,0,105,siglip-so400m/visual-episodic-absthr,0.875,0.09375,0.03125
VideoUnmask,k3,2,560200,medium,fail,0,90,siglip-so400m/visual-episodic-absthr,0.96875,0.0,0.03125
VideoUnmask,k3,3,560300,hard,fail,0,102,siglip-so400m/visual-episodic-absthr,0.96875,0.0,0.03125
VideoUnmask,k3,4,560400,easy,success,1,111,siglip-so400m/visual-episodic-absthr,0.96875,0.0,0.03125
VideoUnmask,k3,5,560500,easy,success,1,105,siglip-so400m/visual-episodic-absthr,0.65625,0.3125,0.03125
VideoUnmask,k3,6,560600,medium,fail,0,111,siglip-so400m/visual-episodic-absthr,0.5,0.46875,0.03125
VideoUnmask,k3,7,560700,hard,fail,0,91,siglip-so400m/visual-episodic-absthr,0.96875,0.0,0.03125
VideoUnmask,k3,8,560800,easy,fail,0,203,siglip-so400m/visual-episodic-absthr,0.96875,0.0,0.03125
VideoUnmask,k3,9,560900,easy,success,1,107,siglip-so400m/visual-episodic-absthr,0.96875,0.0,0.03125
VideoUnmask,k3,10,561000,medium,fail,0,105,siglip-so400m/visual-episodic-absthr,0.5,0.46875,0.03125
VideoUnmask,k3,11,561100,hard,fail,0,101,siglip-so400m/visual-episodic-absthr,0.96875,0.0,0.03125
VideoUnmask,k3,12,561200,easy,fail,0,93,siglip-so400m/visual-episodic-absthr,0.96875,0.0,0.03125
VideoUnmask,k3,13,561300,easy,fail,0,96,siglip-so400m/visual-episodic-absthr,0.96875,0.0,0.03125
VideoUnmask,k3,14,561400,medium,fail,0,92,siglip-so400m/visual-episodic-absthr,0.96875,0.0,0.03125
VideoUnmask,k3,15,561500,hard,success,1,253,siglip-so400m/visual-episodic-absthr,0.96875,0.0,0.03125
VideoUnmask,k3,16,561600,easy,success,1,91,siglip-so400m/visual-episodic-absthr,0.96875,0.0,0.03125
VideoUnmask,k3,17,561700,easy,fail,0,103,siglip-so400m/visual-episodic-absthr,0.5,0.46875,0.03125
VideoUnmask,k3,18,561800,medium,fail,0,95,siglip-so400m/visual-episodic-absthr,0.96875,0.0,0.03125
VideoUnmask,k3,19,561900,hard,success,1,246,siglip-so400m/visual-episodic-absthr,0.96875,0.0,0.03125
VideoUnmask,k3,20,562000,easy,success,1,105,siglip-so400m/visual-episodic-absthr,0.78125,0.1875,0.03125
VideoUnmask,k3,21,562100,easy,success,1,93,siglip-so400m/visual-episodic-absthr,0.96875,0.0,0.03125
VideoUnmask,k3,22,562200,medium,success,1,96,siglip-so400m/visual-episodic-absthr,0.96875,0.0,0.03125
VideoUnmask,k3,23,562300,hard,success,1,269,siglip-so400m/visual-episodic-absthr,0.96875,0.0,0.03125
VideoUnmask,k3,24,562400,easy,fail,0,92,siglip-so400m/visual-episodic-absthr,0.96875,0.0,0.03125
VideoUnmask,k3,25,562500,easy,fail,0,105,siglip-so400m/visual-episodic-absthr,0.96875,0.0,0.03125
VideoUnmask,k3,26,562600,medium,fail,0,87,siglip-so400m/visual-episodic-absthr,0.96875,0.0,0.03125
VideoUnmask,k3,27,562700,hard,fail,0,88,siglip-so400m/visual-episodic-absthr,0.96875,0.0,0.03125
VideoUnmask,k3,28,562800,easy,fail,0,107,siglip-so400m/visual-episodic-absthr,0.5,0.46875,0.03125
VideoUnmask,k3,29,562900,easy,success,1,106,siglip-so400m/visual-episodic-absthr,0.5,0.46875,0.03125
VideoUnmask,k3,30,563000,medium,success,1,91,siglip-so400m/visual-episodic-absthr,0.96875,0.0,0.03125
VideoUnmask,k3,31,563100,hard,fail,0,100,siglip-so400m/visual-episodic-absthr,0.5,0.46875,0.03125
VideoUnmask,k3,32,563200,easy,success,1,115,siglip-so400m/visual-episodic-absthr,0.96875,0.0,0.03125
VideoUnmask,k3,33,563300,easy,fail,0,104,siglip-so400m/visual-episodic-absthr,0.96875,0.0,0.03125
VideoUnmask,k3,34,563400,medium,fail,0,106,siglip-so400m/visual-episodic-absthr,0.96875,0.0,0.03125
VideoUnmask,k3,35,563500,hard,fail,0,107,siglip-so400m/visual-episodic-absthr,0.96875,0.0,0.03125
VideoUnmask,k3,36,563600,easy,fail,0,108,siglip-so400m/visual-episodic-absthr,0.96875,0.0,0.03125
VideoUnmask,k3,37,563700,easy,fail,0,92,siglip-so400m/visual-episodic-absthr,0.96875,0.0,0.03125
VideoUnmask,k3,38,563800,medium,fail,0,103,siglip-so400m/visual-episodic-absthr,0.5,0.46875,0.03125
VideoUnmask,k3,39,563900,hard,fail,0,107,siglip-so400m/visual-episodic-absthr,0.96875,0.0,0.03125
VideoUnmask,k3,40,564000,easy,success,1,92,siglip-so400m/visual-episodic-absthr,0.96875,0.0,0.03125
VideoUnmask,k3,41,564100,easy,success,1,93,siglip-so400m/visual-episodic-absthr,0.96875,0.0,0.03125
VideoUnmask,k3,42,564200,medium,fail,0,91,siglip-so400m/visual-episodic-absthr,0.96875,0.0,0.03125
VideoUnmask,k3,43,564300,hard,fail,0,104,siglip-so400m/visual-episodic-absthr,0.96875,0.0,0.03125
VideoUnmask,k3,44,564400,easy,fail,0,161,siglip-so400m/visual-episodic-absthr,0.96875,0.0,0.03125
VideoUnmask,k3,45,564500,easy,success,1,91,siglip-so400m/visual-episodic-absthr,0.96875,0.0,0.03125
VideoUnmask,k3,46,564600,medium,success,1,106,siglip-so400m/visual-episodic-absthr,0.96875,0.0,0.03125
VideoUnmask,k3,47,564700,hard,fail,0,269,siglip-so400m/visual-episodic-absthr,0.96875,0.0,0.03125
VideoUnmask,k3,48,564800,easy,fail,0,108,siglip-so400m/visual-episodic-absthr,0.96875,0.0,0.03125
VideoUnmask,k3,49,564900,easy,fail,0,91,siglip-so400m/visual-episodic-absthr,0.96875,0.0,0.03125
VideoUnmask,k7,0,560000,easy,success,1,102,siglip-so400m/visual-episodic-absthr,0.65625,0.3125,0.03125
VideoUnmask,k7,1,560100,easy,fail,0,108,siglip-so400m/visual-episodic-absthr,0.5,0.46875,0.03125
VideoUnmask,k7,2,560200,medium,fail,0,90,siglip-so400m/visual-episodic-absthr,0.96875,0.0,0.03125
VideoUnmask,k7,3,560300,hard,fail,0,94,siglip-so400m/visual-episodic-absthr,0.96875,0.0,0.03125
VideoUnmask,k7,4,560400,easy,success,1,114,siglip-so400m/visual-episodic-absthr,0.5,0.46875,0.03125
VideoUnmask,k7,5,560500,easy,success,1,105,siglip-so400m/visual-episodic-absthr,0.96875,0.0,0.03125
VideoUnmask,k7,6,560600,medium,fail,0,302,siglip-so400m/visual-episodic-absthr,0.96875,0.0,0.03125
VideoUnmask,k7,7,560700,hard,fail,0,91,siglip-so400m/visual-episodic-absthr,0.96875,0.0,0.03125
VideoUnmask,k7,8,560800,easy,fail,0,111,siglip-so400m/visual-episodic-absthr,0.5,0.46875,0.03125
VideoUnmask,k7,9,560900,easy,success,1,102,siglip-so400m/visual-episodic-absthr,0.96875,0.0,0.03125
VideoUnmask,k7,10,561000,medium,fail,0,109,siglip-so400m/visual-episodic-absthr,0.96875,0.0,0.03125
VideoUnmask,k7,11,561100,hard,fail,0,104,siglip-so400m/visual-episodic-absthr,0.96875,0.0,0.03125
VideoUnmask,k7,12,561200,easy,fail,0,91,siglip-so400m/visual-episodic-absthr,0.96875,0.0,0.03125
VideoUnmask,k7,13,561300,easy,fail,0,93,siglip-so400m/visual-episodic-absthr,0.78125,0.1875,0.03125
VideoUnmask,k7,14,561400,medium,fail,0,91,siglip-so400m/visual-episodic-absthr,0.96875,0.0,0.03125
VideoUnmask,k7,15,561500,hard,success,1,254,siglip-so400m/visual-episodic-absthr,0.96875,0.0,0.03125
VideoUnmask,k7,16,561600,easy,success,1,92,siglip-so400m/visual-episodic-absthr,0.96875,0.0,0.03125
VideoUnmask,k7,17,561700,easy,fail,0,93,siglip-so400m/visual-episodic-absthr,0.96875,0.0,0.03125
VideoUnmask,k7,18,561800,medium,fail,0,95,siglip-so400m/visual-episodic-absthr,0.96875,0.0,0.03125
VideoUnmask,k7,19,561900,hard,success,1,246,siglip-so400m/visual-episodic-absthr,0.96875,0.0,0.03125
VideoUnmask,k7,20,562000,easy,success,1,188,siglip-so400m/visual-episodic-absthr,0.96875,0.0,0.03125
VideoUnmask,k7,21,562100,easy,success,1,94,siglip-so400m/visual-episodic-absthr,0.96875,0.0,0.03125
VideoUnmask,k7,22,562200,medium,success,1,93,siglip-so400m/visual-episodic-absthr,0.96875,0.0,0.03125
VideoUnmask,k7,23,562300,hard,success,1,281,siglip-so400m/visual-episodic-absthr,0.5,0.46875,0.03125
VideoUnmask,k7,24,562400,easy,fail,0,103,siglip-so400m/visual-episodic-absthr,0.5,0.46875,0.03125
VideoUnmask,k7,25,562500,easy,fail,0,104,siglip-so400m/visual-episodic-absthr,0.96875,0.0,0.03125
VideoUnmask,k7,26,562600,medium,fail,0,87,siglip-so400m/visual-episodic-absthr,0.96875,0.0,0.03125
VideoUnmask,k7,27,562700,hard,fail,0,88,siglip-so400m/visual-episodic-absthr,0.96875,0.0,0.03125
VideoUnmask,k7,28,562800,easy,fail,0,104,siglip-so400m/visual-episodic-absthr,0.96875,0.0,0.03125
VideoUnmask,k7,29,562900,easy,success,1,95,siglip-so400m/visual-episodic-absthr,0.96875,0.0,0.03125
VideoUnmask,k7,30,563000,medium,success,1,91,siglip-so400m/visual-episodic-absthr,0.96875,0.0,0.03125
VideoUnmask,k7,31,563100,hard,fail,0,91,siglip-so400m/visual-episodic-absthr,0.96875,0.0,0.03125
VideoUnmask,k7,32,563200,easy,success,1,113,siglip-so400m/visual-episodic-absthr,0.96875,0.0,0.03125
VideoUnmask,k7,33,563300,easy,fail,0,102,siglip-so400m/visual-episodic-absthr,0.96875,0.0,0.03125
VideoUnmask,k7,34,563400,medium,fail,0,105,siglip-so400m/visual-episodic-absthr,0.96875,0.0,0.03125
VideoUnmask,k7,35,563500,hard,fail,0,106,siglip-so400m/visual-episodic-absthr,0.96875,0.0,0.03125
VideoUnmask,k7,36,563600,easy,fail,0,108,siglip-so400m/visual-episodic-absthr,0.96875,0.0,0.03125
VideoUnmask,k7,37,563700,easy,fail,0,92,siglip-so400m/visual-episodic-absthr,0.96875,0.0,0.03125
VideoUnmask,k7,38,563800,medium,fail,0,107,siglip-so400m/visual-episodic-absthr,0.34375,0.625,0.03125
VideoUnmask,k7,39,563900,hard,fail,0,108,siglip-so400m/visual-episodic-absthr,0.96875,0.0,0.03125
VideoUnmask,k7,40,564000,easy,success,1,92,siglip-so400m/visual-episodic-absthr,0.71875,0.25,0.03125
VideoUnmask,k7,41,564100,easy,success,1,93,siglip-so400m/visual-episodic-absthr,0.96875,0.0,0.03125
VideoUnmask,k7,42,564200,medium,fail,0,91,siglip-so400m/visual-episodic-absthr,0.96875,0.0,0.03125
VideoUnmask,k7,43,564300,hard,fail,0,104,siglip-so400m/visual-episodic-absthr,0.96875,0.0,0.03125
VideoUnmask,k7,44,564400,easy,fail,0,160,siglip-so400m/visual-episodic-absthr,0.96875,0.0,0.03125
VideoUnmask,k7,45,564500,easy,success,1,92,siglip-so400m/visual-episodic-absthr,0.96875,0.0,0.03125
VideoUnmask,k7,46,564600,medium,success,1,106,siglip-so400m/visual-episodic-absthr,0.96875,0.0,0.03125
VideoUnmask,k7,47,564700,hard,success,1,270,siglip-so400m/visual-episodic-absthr,0.96875,0.0,0.03125
VideoUnmask,k7,48,564800,easy,fail,0,108,siglip-so400m/visual-episodic-absthr,0.96875,0.0,0.03125
VideoUnmask,k7,49,564900,easy,fail,0,91,siglip-so400m/visual-episodic-absthr,0.96875,0.0,0.03125
VideoUnmaskSwap,k0,0,550000,easy,fail,0,104,siglip-so400m/visual-episodic-absthr,0.96875,0.0,0.03125
VideoUnmaskSwap,k0,1,550100,easy,fail,0,101,siglip-so400m/visual-episodic-absthr,0.96875,0.0,0.03125
VideoUnmaskSwap,k0,2,550200,medium,fail,0,111,siglip-so400m/visual-episodic-absthr,0.96875,0.0,0.03125
VideoUnmaskSwap,k0,3,550300,hard,fail,0,103,siglip-so400m/visual-episodic-absthr,0.96875,0.0,0.03125
VideoUnmaskSwap,k0,4,550400,easy,fail,0,111,siglip-so400m/visual-episodic-absthr,0.96875,0.0,0.03125
VideoUnmaskSwap,k0,5,550500,easy,fail,0,106,siglip-so400m/visual-episodic-absthr,0.96875,0.0,0.03125
VideoUnmaskSwap,k0,6,550600,medium,fail,0,96,siglip-so400m/visual-episodic-absthr,0.96875,0.0,0.03125
VideoUnmaskSwap,k0,7,550700,hard,success,1,437,siglip-so400m/visual-episodic-absthr,0.96875,0.0,0.03125
VideoUnmaskSwap,k0,8,550800,easy,fail,0,103,siglip-so400m/visual-episodic-absthr,0.96875,0.0,0.03125
VideoUnmaskSwap,k0,9,550900,easy,fail,0,103,siglip-so400m/visual-episodic-absthr,0.96875,0.0,0.03125
VideoUnmaskSwap,k0,10,551000,medium,success,1,102,siglip-so400m/visual-episodic-absthr,0.96875,0.0,0.03125
VideoUnmaskSwap,k0,11,551100,hard,fail,0,172,siglip-so400m/visual-episodic-absthr,0.96875,0.0,0.03125
VideoUnmaskSwap,k0,12,551200,easy,fail,0,97,siglip-so400m/visual-episodic-absthr,0.96875,0.0,0.03125
VideoUnmaskSwap,k0,13,551300,easy,success,1,109,siglip-so400m/visual-episodic-absthr,0.96875,0.0,0.03125
VideoUnmaskSwap,k0,14,551400,medium,fail,0,106,siglip-so400m/visual-episodic-absthr,0.96875,0.0,0.03125
VideoUnmaskSwap,k0,15,551500,hard,fail,0,99,siglip-so400m/visual-episodic-absthr,0.96875,0.0,0.03125
VideoUnmaskSwap,k0,16,551600,easy,fail,0,100,siglip-so400m/visual-episodic-absthr,0.96875,0.0,0.03125
VideoUnmaskSwap,k0,17,551700,easy,success,1,102,siglip-so400m/visual-episodic-absthr,0.96875,0.0,0.03125
VideoUnmaskSwap,k0,18,551800,medium,fail,0,104,siglip-so400m/visual-episodic-absthr,0.96875,0.0,0.03125
VideoUnmaskSwap,k0,19,551900,hard,success,1,250,siglip-so400m/visual-episodic-absthr,0.96875,0.0,0.03125
VideoUnmaskSwap,k0,20,552000,easy,fail,0,94,siglip-so400m/visual-episodic-absthr,0.96875,0.0,0.03125
VideoUnmaskSwap,k0,21,552100,easy,fail,0,94,siglip-so400m/visual-episodic-absthr,0.96875,0.0,0.03125
VideoUnmaskSwap,k0,22,552200,medium,fail,0,101,siglip-so400m/visual-episodic-absthr,0.96875,0.0,0.03125
VideoUnmaskSwap,k0,23,552300,hard,fail,0,238,siglip-so400m/visual-episodic-absthr,0.96875,0.0,0.03125
VideoUnmaskSwap,k0,24,552400,easy,success,1,96,siglip-so400m/visual-episodic-absthr,0.96875,0.0,0.03125
VideoUnmaskSwap,k0,25,552500,easy,success,1,97,siglip-so400m/visual-episodic-absthr,0.96875,0.0,0.03125
VideoUnmaskSwap,k0,26,552600,medium,fail,0,101,siglip-so400m/visual-episodic-absthr,0.96875,0.0,0.03125
VideoUnmaskSwap,k0,27,552700,hard,fail,0,200,siglip-so400m/visual-episodic-absthr,0.96875,0.0,0.03125
VideoUnmaskSwap,k0,28,552800,easy,success,1,108,siglip-so400m/visual-episodic-absthr,0.96875,0.0,0.03125
VideoUnmaskSwap,k0,29,552900,easy,success,1,255,siglip-so400m/visual-episodic-absthr,0.96875,0.0,0.03125
VideoUnmaskSwap,k0,30,553000,medium,fail,0,97,siglip-so400m/visual-episodic-absthr,0.96875,0.0,0.03125
VideoUnmaskSwap,k0,31,553100,hard,fail,0,95,siglip-so400m/visual-episodic-absthr,0.96875,0.0,0.03125
VideoUnmaskSwap,k0,32,553200,easy,fail,0,92,siglip-so400m/visual-episodic-absthr,0.96875,0.0,0.03125
VideoUnmaskSwap,k0,33,553300,easy,fail,0,289,siglip-so400m/visual-episodic-absthr,0.96875,0.0,0.03125
VideoUnmaskSwap,k0,34,553400,medium,fail,0,101,siglip-so400m/visual-episodic-absthr,0.96875,0.0,0.03125
VideoUnmaskSwap,k0,35,553500,hard,fail,0,105,siglip-so400m/visual-episodic-absthr,0.96875,0.0,0.03125
VideoUnmaskSwap,k0,36,553600,easy,fail,0,94,siglip-so400m/visual-episodic-absthr,0.96875,0.0,0.03125
VideoUnmaskSwap,k0,37,553700,easy,success,1,100,siglip-so400m/visual-episodic-absthr,0.96875,0.0,0.03125
VideoUnmaskSwap,k0,38,553800,medium,fail,0,96,siglip-so400m/visual-episodic-absthr,0.96875,0.0,0.03125
VideoUnmaskSwap,k0,39,553900,hard,fail,0,95,siglip-so400m/visual-episodic-absthr,0.96875,0.0,0.03125
VideoUnmaskSwap,k0,40,554000,easy,fail,0,99,siglip-so400m/visual-episodic-absthr,0.96875,0.0,0.03125
VideoUnmaskSwap,k0,41,554100,easy,fail,0,254,siglip-so400m/visual-episodic-absthr,0.96875,0.0,0.03125
VideoUnmaskSwap,k0,42,554200,medium,fail,0,96,siglip-so400m/visual-episodic-absthr,0.96875,0.0,0.03125
VideoUnmaskSwap,k0,43,554300,hard,fail,0,96,siglip-so400m/visual-episodic-absthr,0.96875,0.0,0.03125
VideoUnmaskSwap,k0,44,554400,easy,fail,0,94,siglip-so400m/visual-episodic-absthr,0.96875,0.0,0.03125
VideoUnmaskSwap,k0,45,554500,easy,success,1,95,siglip-so400m/visual-episodic-absthr,0.96875,0.0,0.03125
VideoUnmaskSwap,k0,46,554600,medium,fail,0,95,siglip-so400m/visual-episodic-absthr,0.96875,0.0,0.03125
VideoUnmaskSwap,k0,47,554700,hard,fail,0,267,siglip-so400m/visual-episodic-absthr,0.96875,0.0,0.03125
VideoUnmaskSwap,k0,48,554800,easy,fail,0,101,siglip-so400m/visual-episodic-absthr,0.96875,0.0,0.03125
VideoUnmaskSwap,k0,49,554900,easy,fail,0,101,siglip-so400m/visual-episodic-absthr,0.96875,0.0,0.03125
VideoUnmaskSwap,k1,0,550000,easy,fail,0,104,siglip-so400m/visual-episodic-absthr,0.96875,0.0,0.03125
VideoUnmaskSwap,k1,1,550100,easy,fail,0,102,siglip-so400m/visual-episodic-absthr,0.96875,0.0,0.03125
VideoUnmaskSwap,k1,2,550200,medium,fail,0,114,siglip-so400m/visual-episodic-absthr,0.96875,0.0,0.03125
VideoUnmaskSwap,k1,3,550300,hard,fail,0,111,siglip-so400m/visual-episodic-absthr,0.84375,0.125,0.03125
VideoUnmaskSwap,k1,4,550400,easy,fail,0,111,siglip-so400m/visual-episodic-absthr,0.96875,0.0,0.03125
VideoUnmaskSwap,k1,5,550500,easy,fail,0,106,siglip-so400m/visual-episodic-absthr,0.96875,0.0,0.03125
VideoUnmaskSwap,k1,6,550600,medium,fail,0,100,siglip-so400m/visual-episodic-absthr,0.8125,0.15625,0.03125
VideoUnmaskSwap,k1,7,550700,hard,success,1,863,siglip-so400m/visual-episodic-absthr,0.96875,0.0,0.03125
VideoUnmaskSwap,k1,8,550800,easy,fail,0,104,siglip-so400m/visual-episodic-absthr,0.96875,0.0,0.03125
VideoUnmaskSwap,k1,9,550900,easy,fail,0,102,siglip-so400m/visual-episodic-absthr,0.96875,0.0,0.03125
VideoUnmaskSwap,k1,10,551000,medium,success,1,100,siglip-so400m/visual-episodic-absthr,0.96875,0.0,0.03125
VideoUnmaskSwap,k1,11,551100,hard,fail,0,109,siglip-so400m/visual-episodic-absthr,0.84375,0.125,0.03125
VideoUnmaskSwap,k1,12,551200,easy,fail,0,103,siglip-so400m/visual-episodic-absthr,0.96875,0.0,0.03125
VideoUnmaskSwap,k1,13,551300,easy,success,1,112,siglip-so400m/visual-episodic-absthr,0.96875,0.0,0.03125
VideoUnmaskSwap,k1,14,551400,medium,fail,0,105,siglip-so400m/visual-episodic-absthr,0.96875,0.0,0.03125
VideoUnmaskSwap,k1,15,551500,hard,fail,0,98,siglip-so400m/visual-episodic-absthr,0.96875,0.0,0.03125
VideoUnmaskSwap,k1,16,551600,easy,fail,0,108,siglip-so400m/visual-episodic-absthr,0.71875,0.25,0.03125
VideoUnmaskSwap,k1,17,551700,easy,success,1,102,siglip-so400m/visual-episodic-absthr,0.96875,0.0,0.03125
VideoUnmaskSwap,k1,18,551800,medium,fail,0,106,siglip-so400m/visual-episodic-absthr,0.96875,0.0,0.03125
VideoUnmaskSwap,k1,19,551900,hard,success,1,253,siglip-so400m/visual-episodic-absthr,0.96875,0.0,0.03125
VideoUnmaskSwap,k1,20,552000,easy,fail,0,95,siglip-so400m/visual-episodic-absthr,0.96875,0.0,0.03125
VideoUnmaskSwap,k1,21,552100,easy,fail,0,93,siglip-so400m/visual-episodic-absthr,0.96875,0.0,0.03125
VideoUnmaskSwap,k1,22,552200,medium,fail,0,102,siglip-so400m/visual-episodic-absthr,0.96875,0.0,0.03125
VideoUnmaskSwap,k1,23,552300,hard,fail,0,239,siglip-so400m/visual-episodic-absthr,0.96875,0.0,0.03125
VideoUnmaskSwap,k1,24,552400,easy,success,1,97,siglip-so400m/visual-episodic-absthr,0.96875,0.0,0.03125
VideoUnmaskSwap,k1,25,552500,easy,success,1,105,siglip-so400m/visual-episodic-absthr,0.71875,0.25,0.03125
VideoUnmaskSwap,k1,26,552600,medium,fail,0,100,siglip-so400m/visual-episodic-absthr,0.96875,0.0,0.03125
VideoUnmaskSwap,k1,27,552700,hard,fail,0,198,siglip-so400m/visual-episodic-absthr,0.96875,0.0,0.03125
VideoUnmaskSwap,k1,28,552800,easy,success,1,106,siglip-so400m/visual-episodic-absthr,0.96875,0.0,0.03125
VideoUnmaskSwap,k1,29,552900,easy,success,1,266,siglip-so400m/visual-episodic-absthr,0.71875,0.25,0.03125
VideoUnmaskSwap,k1,30,553000,medium,success,1,108,siglip-so400m/visual-episodic-absthr,0.8125,0.15625,0.03125
VideoUnmaskSwap,k1,31,553100,hard,fail,0,102,siglip-so400m/visual-episodic-absthr,0.8125,0.15625,0.03125
VideoUnmaskSwap,k1,32,553200,easy,fail,0,100,siglip-so400m/visual-episodic-absthr,0.71875,0.25,0.03125
VideoUnmaskSwap,k1,33,553300,easy,fail,0,283,siglip-so400m/visual-episodic-absthr,0.96875,0.0,0.03125
VideoUnmaskSwap,k1,34,553400,medium,fail,0,107,siglip-so400m/visual-episodic-absthr,0.71875,0.25,0.03125
VideoUnmaskSwap,k1,35,553500,hard,fail,0,105,siglip-so400m/visual-episodic-absthr,0.96875,0.0,0.03125
VideoUnmaskSwap,k1,36,553600,easy,fail,0,94,siglip-so400m/visual-episodic-absthr,0.96875,0.0,0.03125
VideoUnmaskSwap,k1,37,553700,easy,success,1,100,siglip-so400m/visual-episodic-absthr,0.96875,0.0,0.03125
VideoUnmaskSwap,k1,38,553800,medium,fail,0,100,siglip-so400m/visual-episodic-absthr,0.8125,0.15625,0.03125
VideoUnmaskSwap,k1,39,553900,hard,fail,0,95,siglip-so400m/visual-episodic-absthr,0.96875,0.0,0.03125
VideoUnmaskSwap,k1,40,554000,easy,fail,0,98,siglip-so400m/visual-episodic-absthr,0.96875,0.0,0.03125
VideoUnmaskSwap,k1,41,554100,easy,fail,0,254,siglip-so400m/visual-episodic-absthr,0.96875,0.0,0.03125
VideoUnmaskSwap,k1,42,554200,medium,fail,0,95,siglip-so400m/visual-episodic-absthr,0.96875,0.0,0.03125
VideoUnmaskSwap,k1,43,554300,hard,fail,0,98,siglip-so400m/visual-episodic-absthr,0.96875,0.0,0.03125
VideoUnmaskSwap,k1,44,554400,easy,fail,0,94,siglip-so400m/visual-episodic-absthr,0.96875,0.0,0.03125
VideoUnmaskSwap,k1,45,554500,easy,success,1,96,siglip-so400m/visual-episodic-absthr,0.96875,0.0,0.03125
VideoUnmaskSwap,k1,46,554600,medium,fail,0,97,siglip-so400m/visual-episodic-absthr,0.96875,0.0,0.03125
VideoUnmaskSwap,k1,47,554700,hard,fail,0,268,siglip-so400m/visual-episodic-absthr,0.96875,0.0,0.03125
VideoUnmaskSwap,k1,48,554800,easy,fail,0,102,siglip-so400m/visual-episodic-absthr,0.96875,0.0,0.03125
VideoUnmaskSwap,k1,49,554900,easy,fail,0,108,siglip-so400m/visual-episodic-absthr,0.71875,0.25,0.03125
VideoUnmaskSwap,k3,0,550000,easy,fail,0,105,siglip-so400m/visual-episodic-absthr,0.96875,0.0,0.03125
VideoUnmaskSwap,k3,1,550100,easy,fail,0,102,siglip-so400m/visual-episodic-absthr,0.96875,0.0,0.03125
VideoUnmaskSwap,k3,2,550200,medium,fail,0,111,siglip-so400m/visual-episodic-absthr,0.96875,0.0,0.03125
VideoUnmaskSwap,k3,3,550300,hard,fail,0,104,siglip-so400m/visual-episodic-absthr,0.96875,0.0,0.03125
VideoUnmaskSwap,k3,4,550400,easy,fail,0,110,siglip-so400m/visual-episodic-absthr,0.96875,0.0,0.03125
VideoUnmaskSwap,k3,5,550500,easy,fail,0,106,siglip-so400m/visual-episodic-absthr,0.96875,0.0,0.03125
VideoUnmaskSwap,k3,6,550600,medium,fail,0,101,siglip-so400m/visual-episodic-absthr,0.8125,0.15625,0.03125
VideoUnmaskSwap,k3,7,550700,hard,ongoing,0,1300,siglip-so400m/visual-episodic-absthr,0.96875,0.0,0.03125
VideoUnmaskSwap,k3,8,550800,easy,fail,0,104,siglip-so400m/visual-episodic-absthr,0.71875,0.25,0.03125
VideoUnmaskSwap,k3,9,550900,easy,fail,0,103,siglip-so400m/visual-episodic-absthr,0.96875,0.0,0.03125
VideoUnmaskSwap,k3,10,551000,medium,success,1,102,siglip-so400m/visual-episodic-absthr,0.96875,0.0,0.03125
VideoUnmaskSwap,k3,11,551100,hard,fail,0,109,siglip-so400m/visual-episodic-absthr,0.84375,0.125,0.03125
VideoUnmaskSwap,k3,12,551200,easy,fail,0,103,siglip-so400m/visual-episodic-absthr,0.96875,0.0,0.03125
VideoUnmaskSwap,k3,13,551300,easy,success,1,112,siglip-so400m/visual-episodic-absthr,0.96875,0.0,0.03125
VideoUnmaskSwap,k3,14,551400,medium,fail,0,106,siglip-so400m/visual-episodic-absthr,0.96875,0.0,0.03125
VideoUnmaskSwap,k3,15,551500,hard,fail,0,99,siglip-so400m/visual-episodic-absthr,0.96875,0.0,0.03125
VideoUnmaskSwap,k3,16,551600,easy,fail,0,100,siglip-so400m/visual-episodic-absthr,0.96875,0.0,0.03125
VideoUnmaskSwap,k3,17,551700,easy,success,1,102,siglip-so400m/visual-episodic-absthr,0.96875,0.0,0.03125
VideoUnmaskSwap,k3,18,551800,medium,success,1,106,siglip-so400m/visual-episodic-absthr,0.71875,0.25,0.03125
VideoUnmaskSwap,k3,19,551900,hard,success,1,254,siglip-so400m/visual-episodic-absthr,0.84375,0.125,0.03125
VideoUnmaskSwap,k3,20,552000,easy,fail,0,94,siglip-so400m/visual-episodic-absthr,0.96875,0.0,0.03125
VideoUnmaskSwap,k3,21,552100,easy,fail,0,94,siglip-so400m/visual-episodic-absthr,0.96875,0.0,0.03125
VideoUnmaskSwap,k3,22,552200,medium,fail,0,101,siglip-so400m/visual-episodic-absthr,0.96875,0.0,0.03125
VideoUnmaskSwap,k3,23,552300,hard,fail,0,253,siglip-so400m/visual-episodic-absthr,0.84375,0.125,0.03125
VideoUnmaskSwap,k3,24,552400,easy,success,1,96,siglip-so400m/visual-episodic-absthr,0.96875,0.0,0.03125
VideoUnmaskSwap,k3,25,552500,easy,success,1,94,siglip-so400m/visual-episodic-absthr,0.96875,0.0,0.03125
VideoUnmaskSwap,k3,26,552600,medium,fail,0,100,siglip-so400m/visual-episodic-absthr,0.96875,0.0,0.03125
VideoUnmaskSwap,k3,27,552700,hard,fail,0,111,siglip-so400m/visual-episodic-absthr,0.96875,0.0,0.03125
VideoUnmaskSwap,k3,28,552800,easy,success,1,109,siglip-so400m/visual-episodic-absthr,0.96875,0.0,0.03125
VideoUnmaskSwap,k3,29,552900,easy,success,1,254,siglip-so400m/visual-episodic-absthr,0.96875,0.0,0.03125
VideoUnmaskSwap,k3,30,553000,medium,fail,0,96,siglip-so400m/visual-episodic-absthr,0.96875,0.0,0.03125
VideoUnmaskSwap,k3,31,553100,hard,fail,0,94,siglip-so400m/visual-episodic-absthr,0.96875,0.0,0.03125
VideoUnmaskSwap,k3,32,553200,easy,fail,0,100,siglip-so400m/visual-episodic-absthr,0.71875,0.25,0.03125
VideoUnmaskSwap,k3,33,553300,easy,fail,0,283,siglip-so400m/visual-episodic-absthr,0.96875,0.0,0.03125
VideoUnmaskSwap,k3,34,553400,medium,fail,0,101,siglip-so400m/visual-episodic-absthr,0.96875,0.0,0.03125
VideoUnmaskSwap,k3,35,553500,hard,fail,0,105,siglip-so400m/visual-episodic-absthr,0.96875,0.0,0.03125
VideoUnmaskSwap,k3,36,553600,easy,fail,0,94,siglip-so400m/visual-episodic-absthr,0.96875,0.0,0.03125
VideoUnmaskSwap,k3,37,553700,easy,success,1,101,siglip-so400m/visual-episodic-absthr,0.96875,0.0,0.03125
VideoUnmaskSwap,k3,38,553800,medium,fail,0,95,siglip-so400m/visual-episodic-absthr,0.96875,0.0,0.03125
VideoUnmaskSwap,k3,39,553900,hard,fail,0,95,siglip-so400m/visual-episodic-absthr,0.96875,0.0,0.03125
VideoUnmaskSwap,k3,40,554000,easy,fail,0,99,siglip-so400m/visual-episodic-absthr,0.96875,0.0,0.03125
VideoUnmaskSwap,k3,41,554100,easy,fail,0,255,siglip-so400m/visual-episodic-absthr,0.96875,0.0,0.03125
VideoUnmaskSwap,k3,42,554200,medium,fail,0,95,siglip-so400m/visual-episodic-absthr,0.96875,0.0,0.03125
VideoUnmaskSwap,k3,43,554300,hard,fail,0,96,siglip-so400m/visual-episodic-absthr,0.96875,0.0,0.03125
VideoUnmaskSwap,k3,44,554400,easy,fail,0,98,siglip-so400m/visual-episodic-absthr,0.90625,0.0625,0.03125
VideoUnmaskSwap,k3,45,554500,easy,success,1,96,siglip-so400m/visual-episodic-absthr,0.96875,0.0,0.03125
VideoUnmaskSwap,k3,46,554600,medium,fail,0,95,siglip-so400m/visual-episodic-absthr,0.96875,0.0,0.03125
VideoUnmaskSwap,k3,47,554700,hard,fail,0,267,siglip-so400m/visual-episodic-absthr,0.96875,0.0,0.03125
VideoUnmaskSwap,k3,48,554800,easy,fail,0,104,siglip-so400m/visual-episodic-absthr,0.96875,0.0,0.03125
VideoUnmaskSwap,k3,49,554900,easy,fail,0,100,siglip-so400m/visual-episodic-absthr,0.96875,0.0,0.03125
VideoUnmaskSwap,k7,0,550000,easy,fail,0,104,siglip-so400m/visual-episodic-absthr,0.96875,0.0,0.03125
VideoUnmaskSwap,k7,1,550100,easy,fail,0,102,siglip-so400m/visual-episodic-absthr,0.96875,0.0,0.03125
VideoUnmaskSwap,k7,2,550200,medium,fail,0,111,siglip-so400m/visual-episodic-absthr,0.96875,0.0,0.03125
VideoUnmaskSwap,k7,3,550300,hard,fail,0,103,siglip-so400m/visual-episodic-absthr,0.96875,0.0,0.03125
VideoUnmaskSwap,k7,4,550400,easy,fail,0,111,siglip-so400m/visual-episodic-absthr,0.96875,0.0,0.03125
VideoUnmaskSwap,k7,5,550500,easy,fail,0,106,siglip-so400m/visual-episodic-absthr,0.96875,0.0,0.03125
VideoUnmaskSwap,k7,6,550600,medium,fail,0,95,siglip-so400m/visual-episodic-absthr,0.96875,0.0,0.03125
VideoUnmaskSwap,k7,7,550700,hard,ongoing,0,1300,siglip-so400m/visual-episodic-absthr,0.96875,0.0,0.03125
VideoUnmaskSwap,k7,8,550800,easy,fail,0,103,siglip-so400m/visual-episodic-absthr,0.96875,0.0,0.03125
VideoUnmaskSwap,k7,9,550900,easy,fail,0,102,siglip-so400m/visual-episodic-absthr,0.96875,0.0,0.03125
VideoUnmaskSwap,k7,10,551000,medium,success,1,102,siglip-so400m/visual-episodic-absthr,0.96875,0.0,0.03125
VideoUnmaskSwap,k7,11,551100,hard,fail,0,172,siglip-so400m/visual-episodic-absthr,0.96875,0.0,0.03125
VideoUnmaskSwap,k7,12,551200,easy,fail,0,97,siglip-so400m/visual-episodic-absthr,0.96875,0.0,0.03125
VideoUnmaskSwap,k7,13,551300,easy,success,1,112,siglip-so400m/visual-episodic-absthr,0.71875,0.25,0.03125
VideoUnmaskSwap,k7,14,551400,medium,fail,0,106,siglip-so400m/visual-episodic-absthr,0.96875,0.0,0.03125
VideoUnmaskSwap,k7,15,551500,hard,fail,0,99,siglip-so400m/visual-episodic-absthr,0.96875,0.0,0.03125
VideoUnmaskSwap,k7,16,551600,easy,fail,0,100,siglip-so400m/visual-episodic-absthr,0.96875,0.0,0.03125
VideoUnmaskSwap,k7,17,551700,easy,success,1,102,siglip-so400m/visual-episodic-absthr,0.96875,0.0,0.03125
VideoUnmaskSwap,k7,18,551800,medium,fail,0,104,siglip-so400m/visual-episodic-absthr,0.96875,0.0,0.03125
VideoUnmaskSwap,k7,19,551900,hard,success,1,250,siglip-so400m/visual-episodic-absthr,0.96875,0.0,0.03125
VideoUnmaskSwap,k7,20,552000,easy,fail,0,94,siglip-so400m/visual-episodic-absthr,0.96875,0.0,0.03125
VideoUnmaskSwap,k7,21,552100,easy,fail,0,93,siglip-so400m/visual-episodic-absthr,0.96875,0.0,0.03125
VideoUnmaskSwap,k7,22,552200,medium,fail,0,101,siglip-so400m/visual-episodic-absthr,0.96875,0.0,0.03125
VideoUnmaskSwap,k7,23,552300,hard,fail,0,238,siglip-so400m/visual-episodic-absthr,0.96875,0.0,0.03125
VideoUnmaskSwap,k7,24,552400,easy,fail,0,192,siglip-so400m/visual-episodic-absthr,0.96875,0.0,0.03125
VideoUnmaskSwap,k7,25,552500,easy,success,1,105,siglip-so400m/visual-episodic-absthr,0.96875,0.0,0.03125
VideoUnmaskSwap,k7,26,552600,medium,fail,0,100,siglip-so400m/visual-episodic-absthr,0.96875,0.0,0.03125
VideoUnmaskSwap,k7,27,552700,hard,fail,0,199,siglip-so400m/visual-episodic-absthr,0.96875,0.0,0.03125
VideoUnmaskSwap,k7,28,552800,easy,success,1,108,siglip-so400m/visual-episodic-absthr,0.96875,0.0,0.03125
VideoUnmaskSwap,k7,29,552900,easy,success,1,254,siglip-so400m/visual-episodic-absthr,0.96875,0.0,0.03125
VideoUnmaskSwap,k7,30,553000,medium,fail,0,95,siglip-so400m/visual-episodic-absthr,0.96875,0.0,0.03125
VideoUnmaskSwap,k7,31,553100,hard,fail,0,95,siglip-so400m/visual-episodic-absthr,0.96875,0.0,0.03125
VideoUnmaskSwap,k7,32,553200,easy,fail,0,93,siglip-so400m/visual-episodic-absthr,0.96875,0.0,0.03125
VideoUnmaskSwap,k7,33,553300,easy,fail,0,275,siglip-so400m/visual-episodic-absthr,0.96875,0.0,0.03125
VideoUnmaskSwap,k7,34,553400,medium,fail,0,104,siglip-so400m/visual-episodic-absthr,0.8125,0.15625,0.03125
VideoUnmaskSwap,k7,35,553500,hard,fail,0,106,siglip-so400m/visual-episodic-absthr,0.96875,0.0,0.03125
VideoUnmaskSwap,k7,36,553600,easy,fail,0,106,siglip-so400m/visual-episodic-absthr,0.71875,0.25,0.03125
VideoUnmaskSwap,k7,37,553700,easy,success,1,102,siglip-so400m/visual-episodic-absthr,0.96875,0.0,0.03125
VideoUnmaskSwap,k7,38,553800,medium,fail,0,95,siglip-so400m/visual-episodic-absthr,0.96875,0.0,0.03125
VideoUnmaskSwap,k7,39,553900,hard,fail,0,95,siglip-so400m/visual-episodic-absthr,0.96875,0.0,0.03125
VideoUnmaskSwap,k7,40,554000,easy,fail,0,106,siglip-so400m/visual-episodic-absthr,0.5625,0.40625,0.03125
VideoUnmaskSwap,k7,41,554100,easy,fail,0,254,siglip-so400m/visual-episodic-absthr,0.96875,0.0,0.03125
VideoUnmaskSwap,k7,42,554200,medium,fail,0,95,siglip-so400m/visual-episodic-absthr,0.96875,0.0,0.03125
VideoUnmaskSwap,k7,43,554300,hard,fail,0,100,siglip-so400m/visual-episodic-absthr,0.9375,0.03125,0.03125
VideoUnmaskSwap,k7,44,554400,easy,fail,0,94,siglip-so400m/visual-episodic-absthr,0.96875,0.0,0.03125
VideoUnmaskSwap,k7,45,554500,easy,success,1,95,siglip-so400m/visual-episodic-absthr,0.96875,0.0,0.03125
VideoUnmaskSwap,k7,46,554600,medium,fail,0,95,siglip-so400m/visual-episodic-absthr,0.96875,0.0,0.03125
VideoUnmaskSwap,k7,47,554700,hard,fail,0,270,siglip-so400m/visual-episodic-absthr,0.71875,0.25,0.03125
VideoUnmaskSwap,k7,48,554800,easy,fail,0,101,siglip-so400m/visual-episodic-absthr,0.96875,0.0,0.03125
VideoUnmaskSwap,k7,49,554900,easy,fail,0,101,siglip-so400m/visual-episodic-absthr,0.96875,0.0,0.03125
